name,file,thread_d_mm,head_d_mm,length_mm,head_h_mm,hex_af_mm,hex_depth_mm,fixed_face,bbox_y_mm
rand_0001,rand_0001.stp,3.67,6.98,36.11,3.89,3.00,2.30,Face15,40.0000
rand_0002,rand_0002.stp,15.71,24.13,50.1,15.39,14.00,8.30,Face15,65.4900
rand_0003,rand_0003.stp,15.79,24.46,27.67,15.88,14.00,8.30,Face15,43.5500
rand_0004,rand_0004.stp,3.18,5.44,19.0,2.96,2.50,1.80,Face15,21.9600
rand_0005,rand_0005.stp,9.72,16.04,53.7,9.82,8.00,5.30,Face15,63.5200
rand_0006,rand_0006.stp,14.03,21.81,79.9,13.76,12.00,7.30,Face15,93.6600
rand_0007,rand_0007.stp,10.05,16.36,50.7,9.63,8.00,5.30,Face15,60.3300
rand_0008,rand_0008.stp,6.26,10.03,31.0,5.92,5.00,3.30,Face15,36.9200
rand_0009,rand_0009.stp,6.12,10.22,6.93,6.01,5.00,3.30,Face15,12.9400
rand_0010,rand_0010.stp,5.76,10.03,16.76,6.12,5.00,3.30,Face15,22.8800
rand_0011,rand_0011.stp,10.24,16.42,14.4,9.74,8.00,5.30,Face15,24.1400
rand_0012,rand_0012.stp,3.8,7.26,15.53,4.05,3.00,2.30,Face15,19.5800
rand_0013,rand_0013.stp,13.75,20.76,74.69,14.07,12.00,7.30,Face15,88.7600
rand_0014,rand_0014.stp,19.93,29.79,101.0,20.4,17.00,10.30,Face15,121.4000
rand_0015,rand_0015.stp,3.76,6.93,18.0,4.0,3.00,2.30,Face15,22.0000
rand_0016,rand_0016.stp,14.02,21.8,10.41,14.16,12.00,7.30,Face15,24.5700
rand_0017,rand_0017.stp,16.18,24.63,46.0,15.69,14.00,8.30,Face15,61.6900
rand_0018,rand_0018.stp,8.33,13.33,12.22,7.92,6.00,4.30,Face15,20.1400
rand_0019,rand_0019.stp,16.08,23.74,120.08,16.09,14.00,8.30,Face15,136.1700
rand_0020,rand_0020.stp,19.88,29.44,38.8,20.31,17.00,10.30,Face15,59.1100
rand_0021,rand_0021.stp,6.26,10.37,50.0,5.79,5.00,3.30,Face15,55.7900
rand_0022,rand_0022.stp,16.19,23.7,72.4,15.82,14.00,8.30,Face15,88.2200
rand_0023,rand_0023.stp,19.95,29.78,96.0,19.85,17.00,10.30,Face15,115.8500
rand_0024,rand_0024.stp,12.35,18.34,30.0,11.84,10.00,6.30,Face15,41.8400
rand_0025,rand_0025.stp,3.89,7.11,17.0,3.9,3.00,2.30,Face15,20.9000
rand_0026,rand_0026.stp,2.81,5.69,6.0,3.03,2.50,1.80,Face15,9.0300
rand_0027,rand_0027.stp,13.8,20.75,36.7,14.23,12.00,7.30,Face15,50.9300
rand_0028,rand_0028.stp,14.22,20.82,47.1,13.52,12.00,7.30,Face15,60.6200
rand_0029,rand_0029.stp,3.12,5.71,20.4,2.9,2.50,1.80,Face15,23.3000
rand_0030,rand_0030.stp,3.82,6.94,17.1,3.95,3.00,2.30,Face15,21.0500
rand_0031,rand_0031.stp,3.96,7.22,12.72,3.97,3.00,2.30,Face15,16.6900
rand_0032,rand_0032.stp,4.3,7.22,31.0,3.88,3.00,2.30,Face15,34.8800
rand_0033,rand_0033.stp,2.77,5.39,15.2,2.95,2.50,1.80,Face15,18.1500
rand_0034,rand_0034.stp,16.11,24.22,48.0,15.54,14.00,8.30,Face15,63.5400
rand_0035,rand_0035.stp,15.69,23.97,26.76,15.41,14.00,8.30,Face15,42.1700
rand_0036,rand_0036.stp,15.71,23.79,57.0,15.93,14.00,8.30,Face15,72.9300
rand_0037,rand_0037.stp,19.82,30.47,77.82,19.94,17.00,10.30,Face15,97.7600
rand_0038,rand_0038.stp,10.3,15.88,11.7,10.03,8.00,5.30,Face15,21.7300
rand_0039,rand_0039.stp,7.97,13.46,20.87,8.13,6.00,4.30,Face15,29.0000
rand_0040,rand_0040.stp,3.7,6.95,50.0,3.9,3.00,2.30,Face15,53.9000
rand_0041,rand_0041.stp,9.85,16.1,34.47,9.93,8.00,5.30,Face15,44.4000
rand_0042,rand_0042.stp,15.86,24.48,56.0,16.26,14.00,8.30,Face15,72.2600
rand_0043,rand_0043.stp,15.76,23.93,67.51,15.56,14.00,8.30,Face15,83.0700
rand_0044,rand_0044.stp,8.0,12.94,13.22,8.12,6.00,4.30,Face15,21.3400
rand_0045,rand_0045.stp,7.68,13.0,86.0,7.74,6.00,4.30,Face15,93.7400
rand_0046,rand_0046.stp,16.14,24.33,118.28,15.47,14.00,8.30,Face15,133.7500
rand_0047,rand_0047.stp,15.68,24.05,42.0,15.89,14.00,8.30,Face15,57.8900
rand_0048,rand_0048.stp,3.28,5.46,12.58,2.92,2.50,1.80,Face15,15.5000
rand_0049,rand_0049.stp,12.33,18.45,61.0,12.19,10.00,6.30,Face15,73.1900
rand_0050,rand_0050.stp,5.27,8.34,28.0,5.02,4.00,2.80,Face15,33.0200
rand_0051,rand_0051.stp,5.84,10.27,20.6,5.8,5.00,3.30,Face15,26.4000
rand_0052,rand_0052.stp,13.89,21.61,19.36,14.17,12.00,7.30,Face15,33.5300
rand_0053,rand_0053.stp,9.85,15.75,29.75,10.06,8.00,5.30,Face15,39.8100
rand_0054,rand_0054.stp,15.88,23.56,83.24,16.2,14.00,8.30,Face15,99.4400
rand_0055,rand_0055.stp,7.68,13.21,59.7,7.85,6.00,4.30,Face15,67.5500
rand_0056,rand_0056.stp,15.73,24.82,8.1,15.54,14.00,8.30,Face15,23.6400
rand_0057,rand_0057.stp,16.13,24.87,12.8,16.07,14.00,8.30,Face15,28.8700
rand_0058,rand_0058.stp,10.09,16.32,43.9,9.67,8.00,5.30,Face15,53.5700
rand_0059,rand_0059.stp,11.88,18.39,52.69,11.92,10.00,6.30,Face15,64.6100
rand_0060,rand_0060.stp,5.08,8.48,6.1,4.96,4.00,2.80,Face15,11.0600
rand_0061,rand_0061.stp,20.07,29.98,66.72,19.73,17.00,10.30,Face15,86.4500
rand_0062,rand_0062.stp,5.11,8.47,43.0,5.0,4.00,2.80,Face15,48.0000
rand_0063,rand_0063.stp,6.12,9.93,18.0,5.83,5.00,3.30,Face15,23.8300
rand_0064,rand_0064.stp,20.24,29.53,96.0,19.7,17.00,10.30,Face15,115.7000
rand_0065,rand_0065.stp,12.0,17.9,24.0,11.99,10.00,6.30,Face15,35.9900
rand_0066,rand_0066.stp,5.77,10.37,18.0,5.95,5.00,3.30,Face15,23.9500
rand_0067,rand_0067.stp,3.97,7.2,21.58,4.0,3.00,2.30,Face15,25.5800
rand_0068,rand_0068.stp,14.08,21.49,61.98,13.86,12.00,7.30,Face15,75.8400
rand_0069,rand_0069.stp,5.17,8.57,10.89,4.88,4.00,2.80,Face15,15.7700
rand_0070,rand_0070.stp,15.99,23.86,41.0,15.78,14.00,8.30,Face15,56.7800
rand_0071,rand_0071.stp,10.28,15.76,51.0,9.69,8.00,5.30,Face15,60.6900
rand_0072,rand_0072.stp,3.94,7.0,8.3,3.95,3.00,2.30,Face15,12.2500
rand_0073,rand_0073.stp,20.31,29.44,10.8,20.26,17.00,10.30,Face15,31.0600
rand_0074,rand_0074.stp,9.86,16.05,94.31,10.13,8.00,5.30,Face15,104.4400
rand_0075,rand_0075.stp,16.21,24.81,10.5,15.83,14.00,8.30,Face15,26.3300
rand_0076,rand_0076.stp,10.12,16.45,123.0,10.03,8.00,5.30,Face15,133.0300
rand_0077,rand_0077.stp,15.67,24.09,22.32,15.9,14.00,8.30,Face15,38.2200
rand_0078,rand_0078.stp,13.78,20.91,84.2,13.71,12.00,7.30,Face15,97.9100
rand_0079,rand_0079.stp,11.84,18.67,8.7,11.82,10.00,6.30,Face15,20.5200
rand_0080,rand_0080.stp,15.69,24.89,9.67,15.58,14.00,8.30,Face15,25.2500
rand_0081,rand_0081.stp,3.31,5.46,9.0,2.88,2.50,1.80,Face15,11.8800
rand_0082,rand_0082.stp,4.04,6.95,31.0,4.01,3.00,2.30,Face15,35.0100
rand_0083,rand_0083.stp,4.19,6.93,24.6,3.91,3.00,2.30,Face15,28.5100
rand_0084,rand_0084.stp,11.93,18.41,35.65,11.57,10.00,6.30,Face15,47.2200
rand_0085,rand_0085.stp,8.25,13.21,43.0,7.74,6.00,4.30,Face15,50.7400
rand_0086,rand_0086.stp,12.11,17.71,25.7,11.99,10.00,6.30,Face15,37.6900
rand_0087,rand_0087.stp,3.95,7.01,17.0,4.05,3.00,2.30,Face15,21.0500
rand_0088,rand_0088.stp,16.33,23.91,64.9,16.14,14.00,8.30,Face15,81.0400
rand_0089,rand_0089.stp,19.84,30.93,23.4,20.2,17.00,10.30,Face15,43.6000
rand_0090,rand_0090.stp,14.05,21.42,26.8,13.72,12.00,7.30,Face15,40.5200
rand_0091,rand_0091.stp,5.9,9.96,34.5,5.86,5.00,3.30,Face15,40.3600
rand_0092,rand_0092.stp,16.31,23.64,92.0,16.05,14.00,8.30,Face15,108.0500
rand_0093,rand_0093.stp,13.96,20.6,36.0,13.69,12.00,7.30,Face15,49.6900
rand_0094,rand_0094.stp,19.91,30.4,49.58,19.61,17.00,10.30,Face15,69.1900
rand_0095,rand_0095.stp,13.84,20.9,50.0,13.54,12.00,7.30,Face15,63.5400
rand_0096,rand_0096.stp,4.78,8.71,31.08,4.88,4.00,2.80,Face15,35.9600
rand_0097,rand_0097.stp,4.23,6.98,16.02,3.93,3.00,2.30,Face15,19.9500
rand_0098,rand_0098.stp,7.68,12.78,96.67,7.82,6.00,4.30,Face15,104.4900
rand_0099,rand_0099.stp,13.72,20.6,26.6,13.68,12.00,7.30,Face15,40.2800
rand_0100,rand_0100.stp,2.83,5.67,4.6,2.9,2.50,1.80,Face15,7.5000
rand_0101,rand_0101.stp,2.76,5.66,5.0,3.05,2.50,1.80,Face15,8.0500
rand_0102,rand_0102.stp,12.07,18.49,94.4,11.68,10.00,6.30,Face15,106.0800
rand_0103,rand_0103.stp,8.25,13.51,76.62,7.83,6.00,4.30,Face15,84.4500
rand_0104,rand_0104.stp,4.31,6.95,14.0,3.89,3.00,2.30,Face15,17.8900
rand_0105,rand_0105.stp,15.7,23.52,12.1,15.79,14.00,8.30,Face15,27.8900
rand_0106,rand_0106.stp,8.14,13.29,68.7,7.9,6.00,4.30,Face15,76.6000
rand_0107,rand_0107.stp,20.11,31.08,27.77,19.71,17.00,10.30,Face15,47.4800
rand_0108,rand_0108.stp,8.23,12.8,41.61,7.76,6.00,4.30,Face15,49.3700
rand_0109,rand_0109.stp,7.96,13.11,31.6,7.83,6.00,4.30,Face15,39.4300
rand_0110,rand_0110.stp,13.96,21.33,38.08,14.19,12.00,7.30,Face15,52.2700
rand_0111,rand_0111.stp,3.81,7.14,40.0,4.05,3.00,2.30,Face15,44.0500
rand_0112,rand_0112.stp,8.05,13.34,64.3,7.76,6.00,4.30,Face15,72.0600
rand_0113,rand_0113.stp,5.35,8.55,27.7,5.04,4.00,2.80,Face15,32.7400
rand_0114,rand_0114.stp,9.87,15.78,25.0,9.7,8.00,5.30,Face15,34.7000
rand_0115,rand_0115.stp,12.22,18.23,14.1,11.85,10.00,6.30,Face15,25.9500
rand_0116,rand_0116.stp,12.26,18.53,57.4,11.52,10.00,6.30,Face15,68.9200
rand_0117,rand_0117.stp,6.01,10.17,13.0,5.94,5.00,3.30,Face15,18.9400
rand_0118,rand_0118.stp,15.74,23.93,126.0,16.21,14.00,8.30,Face15,142.2100
rand_0119,rand_0119.stp,20.21,30.68,13.3,19.57,17.00,10.30,Face15,32.8700
rand_0120,rand_0120.stp,3.97,6.91,13.32,4.04,3.00,2.30,Face15,17.3600
rand_0121,rand_0121.stp,7.94,13.12,27.0,7.91,6.00,4.30,Face15,34.9100
rand_0122,rand_0122.stp,20.01,30.98,44.2,20.24,17.00,10.30,Face15,64.4400
rand_0123,rand_0123.stp,15.84,23.52,129.87,16.06,14.00,8.30,Face15,145.9300
rand_0124,rand_0124.stp,14.26,21.14,37.64,13.85,12.00,7.30,Face15,51.4900
rand_0125,rand_0125.stp,10.26,16.62,8.2,9.74,8.00,5.30,Face15,17.9400
rand_0126,rand_0126.stp,14.14,21.6,127.64,13.76,12.00,7.30,Face15,141.4000
rand_0127,rand_0127.stp,14.33,20.74,78.0,14.25,12.00,7.30,Face15,92.2500
rand_0128,rand_0128.stp,13.72,21.73,54.74,13.45,12.00,7.30,Face15,68.1900
rand_0129,rand_0129.stp,3.98,7.27,7.31,3.92,3.00,2.30,Face15,11.2300
rand_0130,rand_0130.stp,10.25,16.5,55.63,9.83,8.00,5.30,Face15,65.4600
rand_0131,rand_0131.stp,14.26,20.63,129.7,13.5,12.00,7.30,Face15,143.2000
rand_0132,rand_0132.stp,3.95,6.9,12.3,3.99,3.00,2.30,Face15,16.2900
rand_0133,rand_0133.stp,8.28,12.78,23.4,8.06,6.00,4.30,Face15,31.4600
rand_0134,rand_0134.stp,6.02,10.14,19.0,6.05,5.00,3.30,Face15,25.0500
rand_0135,rand_0135.stp,12.08,17.9,33.4,12.18,10.00,6.30,Face15,45.5800
rand_0136,rand_0136.stp,13.83,20.59,74.39,14.12,12.00,7.30,Face15,88.5100
rand_0137,rand_0137.stp,3.96,7.01,30.7,3.98,3.00,2.30,Face15,34.6800
rand_0138,rand_0138.stp,14.24,20.83,48.0,13.76,12.00,7.30,Face15,61.7600
rand_0139,rand_0139.stp,10.05,16.63,54.72,9.78,8.00,5.30,Face15,64.5000
rand_0140,rand_0140.stp,3.05,5.62,9.79,3.01,2.50,1.80,Face15,12.8000
rand_0141,rand_0141.stp,8.19,12.92,27.0,8.06,6.00,4.30,Face15,35.0600
rand_0142,rand_0142.stp,5.09,8.79,5.0,4.99,4.00,2.80,Face15,9.9900
rand_0143,rand_0143.stp,10.16,15.77,27.0,9.78,8.00,5.30,Face15,36.7800
rand_0144,rand_0144.stp,16.26,24.05,29.0,15.84,14.00,8.30,Face15,44.8400
rand_0145,rand_0145.stp,14.33,20.95,125.4,14.17,12.00,7.30,Face15,139.5700
rand_0146,rand_0146.stp,5.18,8.45,52.8,5.0,4.00,2.80,Face15,57.8000
rand_0147,rand_0147.stp,15.91,24.66,52.9,15.37,14.00,8.30,Face15,68.2700
rand_0148,rand_0148.stp,8.06,13.38,17.0,8.13,6.00,4.30,Face15,25.1300
rand_0149,rand_0149.stp,20.27,30.41,65.0,20.3,17.00,10.30,Face15,85.3000
rand_0150,rand_0150.stp,14.29,20.96,22.0,13.78,12.00,7.30,Face15,35.7800
rand_0151,rand_0151.stp,13.73,20.88,67.6,13.89,12.00,7.30,Face15,81.4900
rand_0152,rand_0152.stp,15.94,24.59,98.0,15.51,14.00,8.30,Face15,113.5100
rand_0153,rand_0153.stp,19.94,31.11,63.2,19.24,17.00,10.30,Face15,82.4400
rand_0154,rand_0154.stp,6.25,9.86,22.36,6.01,5.00,3.30,Face15,28.3700
rand_0155,rand_0155.stp,11.84,18.69,88.0,12.2,10.00,6.30,Face15,100.2000
rand_0156,rand_0156.stp,20.33,29.49,34.48,19.6,17.00,10.30,Face15,54.0800
rand_0157,rand_0157.stp,15.8,23.83,80.0,16.19,14.00,8.30,Face15,96.1900
rand_0158,rand_0158.stp,19.65,30.95,62.0,19.37,17.00,10.30,Face15,81.3700
rand_0159,rand_0159.stp,4.11,6.87,31.0,3.84,3.00,2.30,Face15,34.8400
rand_0160,rand_0160.stp,2.77,5.41,5.59,3.01,2.50,1.80,Face15,8.6000
rand_0161,rand_0161.stp,14.19,21.23,11.84,13.53,12.00,7.30,Face15,25.3700
rand_0162,rand_0162.stp,15.86,24.45,60.0,15.39,14.00,8.30,Face15,75.3900
rand_0163,rand_0163.stp,3.99,7.24,5.76,3.86,3.00,2.30,Face15,9.6200
rand_0164,rand_0164.stp,4.84,8.65,19.66,4.96,4.00,2.80,Face15,24.6200
rand_0165,rand_0165.stp,14.0,21.12,35.91,14.11,12.00,7.30,Face15,50.0200
rand_0166,rand_0166.stp,16.15,23.83,67.5,15.79,14.00,8.30,Face15,83.2900
rand_0167,rand_0167.stp,11.94,17.74,118.3,11.83,10.00,6.30,Face15,130.1300
rand_0168,rand_0168.stp,13.7,21.63,22.41,13.52,12.00,7.30,Face15,35.9300
rand_0169,rand_0169.stp,5.04,8.63,16.0,4.97,4.00,2.80,Face15,20.9700
rand_0170,rand_0170.stp,12.26,18.42,17.7,12.22,10.00,6.30,Face15,29.9200
rand_0171,rand_0171.stp,15.8,24.47,25.94,15.58,14.00,8.30,Face15,41.5200
rand_0172,rand_0172.stp,8.05,13.37,71.47,8.09,6.00,4.30,Face15,79.5600
rand_0173,rand_0173.stp,15.67,24.86,30.0,16.16,14.00,8.30,Face15,46.1600
rand_0174,rand_0174.stp,8.3,13.01,16.22,7.77,6.00,4.30,Face15,23.9900
rand_0175,rand_0175.stp,5.17,8.83,21.6,4.83,4.00,2.80,Face15,26.4300
rand_0176,rand_0176.stp,9.76,15.98,15.99,9.79,8.00,5.30,Face15,25.7800
rand_0177,rand_0177.stp,2.76,5.64,9.9,2.89,2.50,1.80,Face15,12.7900
rand_0178,rand_0178.stp,14.07,21.1,54.8,13.62,12.00,7.30,Face15,68.4200
rand_0179,rand_0179.stp,8.12,13.2,22.0,7.93,6.00,4.30,Face15,29.9300
rand_0180,rand_0180.stp,19.69,29.77,44.8,20.33,17.00,10.30,Face15,65.1300
rand_0181,rand_0181.stp,3.66,7.17,10.04,3.88,3.00,2.30,Face15,13.9200
rand_0182,rand_0182.stp,16.23,24.68,61.0,15.43,14.00,8.30,Face15,76.4300
rand_0183,rand_0183.stp,14.29,21.67,84.76,13.92,12.00,7.30,Face15,98.6800
rand_0184,rand_0184.stp,7.73,12.76,47.04,7.84,6.00,4.30,Face15,54.8800
rand_0185,rand_0185.stp,9.71,16.49,12.41,9.75,8.00,5.30,Face15,22.1600
rand_0186,rand_0186.stp,8.17,12.91,7.21,8.05,6.00,4.30,Face15,15.2600
rand_0187,rand_0187.stp,15.79,24.64,107.45,15.7,14.00,8.30,Face15,123.1500
rand_0188,rand_0188.stp,5.72,9.95,5.73,5.82,5.00,3.30,Face15,11.5500
rand_0189,rand_0189.stp,13.97,21.29,86.18,13.93,12.00,7.30,Face15,100.1100
rand_0190,rand_0190.stp,19.88,31.15,63.0,19.58,17.00,10.30,Face15,82.5800
rand_0191,rand_0191.stp,8.21,13.2,14.7,7.85,6.00,4.30,Face15,22.5500
rand_0192,rand_0192.stp,2.91,5.48,29.0,3.0,2.50,1.80,Face15,32.0000
rand_0193,rand_0193.stp,15.92,24.36,63.0,16.28,14.00,8.30,Face15,79.2800
rand_0194,rand_0194.stp,20.11,29.98,42.0,19.77,17.00,10.30,Face15,61.7700
rand_0195,rand_0195.stp,10.34,15.76,15.65,9.99,8.00,5.30,Face15,25.6400
rand_0196,rand_0196.stp,14.02,21.35,57.4,13.75,12.00,7.30,Face15,71.1500
rand_0197,rand_0197.stp,10.13,15.73,11.0,9.98,8.00,5.30,Face15,20.9800
rand_0198,rand_0198.stp,11.85,18.42,48.0,11.99,10.00,6.30,Face15,59.9900
rand_0199,rand_0199.stp,20.11,31.05,56.92,19.57,17.00,10.30,Face15,76.4900
rand_0200,rand_0200.stp,20.15,29.55,107.6,19.87,17.00,10.30,Face15,127.4700
rand_0201,rand_0201.stp,15.72,24.49,13.8,15.85,14.00,8.30,Face15,29.6500
rand_0202,rand_0202.stp,5.89,10.26,10.0,5.83,5.00,3.30,Face15,15.8300
rand_0203,rand_0203.stp,4.01,7.09,15.21,4.02,3.00,2.30,Face15,19.2300
rand_0204,rand_0204.stp,19.74,30.08,107.03,19.39,17.00,10.30,Face15,126.4200
rand_0205,rand_0205.stp,5.15,8.35,36.5,4.91,4.00,2.80,Face15,41.4100
rand_0206,rand_0206.stp,13.81,20.88,53.0,14.25,12.00,7.30,Face15,67.2500
rand_0207,rand_0207.stp,20.34,30.23,60.12,19.54,17.00,10.30,Face15,79.6600
rand_0208,rand_0208.stp,5.22,8.74,16.01,4.84,4.00,2.80,Face15,20.8500
rand_0209,rand_0209.stp,10.04,15.78,15.7,10.11,8.00,5.30,Face15,25.8100
rand_0210,rand_0210.stp,4.84,8.79,34.0,4.84,4.00,2.80,Face15,38.8400
rand_0211,rand_0211.stp,10.3,16.08,68.5,9.84,8.00,5.30,Face15,78.3400
rand_0212,rand_0212.stp,9.81,15.99,88.0,9.66,8.00,5.30,Face15,97.6600
rand_0213,rand_0213.stp,4.68,8.8,32.08,4.94,4.00,2.80,Face15,37.0200
rand_0214,rand_0214.stp,19.65,29.54,122.81,19.51,17.00,10.30,Face15,142.3200
rand_0215,rand_0215.stp,20.02,29.6,35.0,19.55,17.00,10.30,Face15,54.5500
rand_0216,rand_0216.stp,19.97,29.6,86.0,20.29,17.00,10.30,Face15,106.2900
rand_0217,rand_0217.stp,19.82,29.66,78.0,19.72,17.00,10.30,Face15,97.7200
rand_0218,rand_0218.stp,5.12,8.37,11.65,5.09,4.00,2.80,Face15,16.7400
rand_0219,rand_0219.stp,16.04,24.08,39.0,15.81,14.00,8.30,Face15,54.8100
rand_0220,rand_0220.stp,2.9,5.41,27.0,2.92,2.50,1.80,Face15,29.9200
rand_0221,rand_0221.stp,9.74,16.02,49.89,9.8,8.00,5.30,Face15,59.6900
rand_0222,rand_0222.stp,14.09,21.6,11.6,13.49,12.00,7.30,Face15,25.0900
rand_0223,rand_0223.stp,5.68,9.92,35.54,5.78,5.00,3.30,Face15,41.3200
rand_0224,rand_0224.stp,15.98,23.57,80.0,15.98,14.00,8.30,Face15,95.9800
rand_0225,rand_0225.stp,9.84,16.45,65.0,9.86,8.00,5.30,Face15,74.8600
rand_0226,rand_0226.stp,11.89,17.84,26.28,12.02,10.00,6.30,Face15,38.3000
rand_0227,rand_0227.stp,4.16,6.89,17.95,3.98,3.00,2.30,Face15,21.9300
rand_0228,rand_0228.stp,3.71,7.14,10.2,3.91,3.00,2.30,Face15,14.1100
rand_0229,rand_0229.stp,13.9,20.63,30.4,14.17,12.00,7.30,Face15,44.5700
rand_0230,rand_0230.stp,2.7,5.6,9.57,2.95,2.00,1.40,Face15,12.5200
rand_0231,rand_0231.stp,2.75,5.59,6.0,3.02,2.00,1.40,Face15,9.0200
rand_0232,rand_0232.stp,9.9,16.59,40.5,9.62,8.00,5.30,Face15,50.1200
rand_0233,rand_0233.stp,9.96,15.75,46.1,9.68,8.00,5.30,Face15,55.7800
rand_0234,rand_0234.stp,6.32,9.82,9.8,5.83,5.00,3.30,Face15,15.6300
rand_0235,rand_0235.stp,8.14,12.91,21.0,7.97,6.00,4.30,Face15,28.9700
rand_0236,rand_0236.stp,5.25,8.56,34.0,5.07,4.00,2.80,Face15,39.0700
rand_0237,rand_0237.stp,10.12,16.36,50.9,9.93,8.00,5.30,Face15,60.8300
rand_0238,rand_0238.stp,5.21,8.59,9.0,4.84,4.00,2.80,Face15,13.8400
rand_0239,rand_0239.stp,13.67,21.28,23.13,13.75,12.00,7.30,Face15,36.8800
rand_0240,rand_0240.stp,3.7,7.03,27.8,4.01,3.00,2.30,Face15,31.8100
rand_0241,rand_0241.stp,19.7,31.15,72.08,19.97,17.00,10.30,Face15,92.0500
rand_0242,rand_0242.stp,5.26,8.73,13.0,4.99,4.00,2.80,Face15,17.9900
rand_0243,rand_0243.stp,3.23,5.56,6.67,2.93,2.50,1.80,Face15,9.6000
rand_0244,rand_0244.stp,16.28,24.74,41.5,15.6,14.00,8.30,Face15,57.1000
rand_0245,rand_0245.stp,8.08,12.81,15.73,7.99,6.00,4.30,Face15,23.7200
rand_0246,rand_0246.stp,20.15,30.49,20.0,20.21,17.00,10.30,Face15,40.2100
rand_0247,rand_0247.stp,19.84,29.78,70.0,19.89,17.00,10.30,Face15,89.8900
rand_0248,rand_0248.stp,15.85,24.9,57.61,15.82,14.00,8.30,Face15,73.4300
rand_0249,rand_0249.stp,13.7,20.66,43.0,13.81,12.00,7.30,Face15,56.8100
rand_0250,rand_0250.stp,4.87,8.7,12.1,5.02,4.00,2.80,Face15,17.1200
rand_0251,rand_0251.stp,10.01,15.78,13.6,9.75,8.00,5.30,Face15,23.3500
rand_0252,rand_0252.stp,3.69,7.26,27.0,4.05,3.00,2.30,Face15,31.0500
rand_0253,rand_0253.stp,20.15,29.74,69.7,19.39,17.00,10.30,Face15,89.0900
rand_0254,rand_0254.stp,8.0,12.81,17.0,7.87,6.00,4.30,Face15,24.8700
rand_0255,rand_0255.stp,9.68,15.95,61.79,9.96,8.00,5.30,Face15,71.7500
rand_0256,rand_0256.stp,15.66,23.67,68.2,15.49,14.00,8.30,Face15,83.6900
rand_0257,rand_0257.stp,9.68,15.73,10.0,9.94,8.00,5.30,Face15,19.9400
rand_0258,rand_0258.stp,15.97,24.31,22.73,16.15,14.00,8.30,Face15,38.8800
rand_0259,rand_0259.stp,3.93,7.19,15.0,3.92,3.00,2.30,Face15,18.9200
rand_0260,rand_0260.stp,15.93,23.58,71.3,15.4,14.00,8.30,Face15,86.7000
rand_0261,rand_0261.stp,5.07,8.59,22.0,4.9,4.00,2.80,Face15,26.9000
rand_0262,rand_0262.stp,20.17,29.94,68.69,19.6,17.00,10.30,Face15,88.2900
rand_0263,rand_0263.stp,19.86,30.87,80.0,19.64,17.00,10.30,Face15,99.6400
rand_0264,rand_0264.stp,3.07,5.48,27.68,3.0,2.50,1.80,Face15,30.6800
rand_0265,rand_0265.stp,3.06,5.45,8.2,2.99,2.50,1.80,Face15,11.1900
rand_0266,rand_0266.stp,5.67,10.37,9.6,5.8,5.00,3.30,Face15,15.4000
rand_0267,rand_0267.stp,12.13,18.08,96.32,12.08,10.00,6.30,Face15,108.4000
rand_0268,rand_0268.stp,5.01,8.62,16.1,5.1,4.00,2.80,Face15,21.2000
rand_0269,rand_0269.stp,4.97,8.6,38.41,4.96,4.00,2.80,Face15,43.3700
rand_0270,rand_0270.stp,8.08,12.89,70.0,7.8,6.00,4.30,Face15,77.8000
rand_0271,rand_0271.stp,8.19,13.29,26.3,8.01,6.00,4.30,Face15,34.3100
rand_0272,rand_0272.stp,7.85,13.19,87.6,7.94,6.00,4.30,Face15,95.5400
rand_0273,rand_0273.stp,4.85,8.48,24.2,5.01,4.00,2.80,Face15,29.2100
rand_0274,rand_0274.stp,13.8,21.62,23.5,13.67,12.00,7.30,Face15,37.1700
rand_0275,rand_0275.stp,20.17,29.83,86.0,19.26,17.00,10.30,Face15,105.2600
rand_0276,rand_0276.stp,2.72,5.5,4.0,2.97,2.00,1.40,Face15,6.9700
rand_0277,rand_0277.stp,16.33,23.75,66.4,15.99,14.00,8.30,Face15,82.3900
rand_0278,rand_0278.stp,6.18,9.97,15.0,5.86,5.00,3.30,Face15,20.8600
rand_0279,rand_0279.stp,6.02,10.23,36.0,6.1,5.00,3.30,Face15,42.1000
rand_0280,rand_0280.stp,5.3,8.35,58.0,5.05,4.00,2.80,Face15,63.0500
rand_0281,rand_0281.stp,8.26,12.75,11.9,7.95,6.00,4.30,Face15,19.8500
rand_0282,rand_0282.stp,16.02,24.8,31.5,15.49,14.00,8.30,Face15,46.9900
rand_0283,rand_0283.stp,3.88,7.17,35.0,4.0,3.00,2.30,Face15,39.0000
rand_0284,rand_0284.stp,8.05,13.33,85.3,7.76,6.00,4.30,Face15,93.0600
rand_0285,rand_0285.stp,15.88,24.1,47.4,15.45,14.00,8.30,Face15,62.8500
rand_0286,rand_0286.stp,5.65,10.03,13.4,5.92,5.00,3.30,Face15,19.3200
rand_0287,rand_0287.stp,19.66,30.58,33.0,20.03,17.00,10.30,Face15,53.0300
rand_0288,rand_0288.stp,4.93,8.59,40.0,5.07,4.00,2.80,Face15,45.0700
rand_0289,rand_0289.stp,7.91,12.91,50.5,8.14,6.00,4.30,Face15,58.6400
rand_0290,rand_0290.stp,19.91,30.66,109.1,20.3,17.00,10.30,Face15,129.4000
rand_0291,rand_0291.stp,6.13,10.16,39.07,6.04,5.00,3.30,Face15,45.1100
rand_0292,rand_0292.stp,4.29,6.91,33.0,4.04,3.00,2.30,Face15,37.0400
rand_0293,rand_0293.stp,4.77,8.77,33.63,4.93,4.00,2.80,Face15,38.5600
rand_0294,rand_0294.stp,4.28,7.05,10.5,3.85,3.00,2.30,Face15,14.3500
rand_0295,rand_0295.stp,3.04,5.61,9.5,2.94,2.50,1.80,Face15,12.4400
rand_0296,rand_0296.stp,6.05,9.83,20.0,5.88,5.00,3.30,Face15,25.8800
rand_0297,rand_0297.stp,4.34,7.06,17.0,3.91,3.00,2.30,Face15,20.9100
rand_0298,rand_0298.stp,11.91,18.6,52.8,11.84,10.00,6.30,Face15,64.6400
rand_0299,rand_0299.stp,15.74,24.76,72.5,15.47,14.00,8.30,Face15,87.9700
rand_0300,rand_0300.stp,6.23,10.25,28.68,6.11,5.00,3.30,Face15,34.7900
rand_0301,rand_0301.stp,15.92,23.85,62.0,15.8,14.00,8.30,Face15,77.8000
rand_0302,rand_0302.stp,3.67,7.14,17.0,3.99,3.00,2.30,Face15,20.9900
rand_0303,rand_0303.stp,3.72,6.87,14.0,3.98,3.00,2.30,Face15,17.9800
rand_0304,rand_0304.stp,2.93,5.47,9.0,2.92,2.50,1.80,Face15,11.9200
rand_0305,rand_0305.stp,7.81,13.45,62.57,7.96,6.00,4.30,Face15,70.5300
rand_0306,rand_0306.stp,5.86,9.89,11.7,6.0,5.00,3.30,Face15,17.7000
rand_0307,rand_0307.stp,16.31,24.79,76.0,16.24,14.00,8.30,Face15,92.2400
rand_0308,rand_0308.stp,3.33,5.7,27.9,3.0,2.50,1.80,Face15,30.9000
rand_0309,rand_0309.stp,11.75,18.05,33.0,12.06,10.00,6.30,Face15,45.0600
rand_0310,rand_0310.stp,5.21,8.8,40.08,4.97,4.00,2.80,Face15,45.0500
rand_0311,rand_0311.stp,11.82,17.86,17.8,11.99,10.00,6.30,Face15,29.7900
rand_0312,rand_0312.stp,5.69,10.03,7.0,5.98,5.00,3.30,Face15,12.9800
rand_0313,rand_0313.stp,20.16,30.41,46.3,19.78,17.00,10.30,Face15,66.0800
rand_0314,rand_0314.stp,2.8,5.45,34.1,3.01,2.50,1.80,Face15,37.1100
rand_0315,rand_0315.stp,20.14,30.11,52.2,19.49,17.00,10.30,Face15,71.6900
rand_0316,rand_0316.stp,16.1,23.96,20.1,15.71,14.00,8.30,Face15,35.8100
rand_0317,rand_0317.stp,14.18,20.98,51.0,13.61,12.00,7.30,Face15,64.6100
rand_0318,rand_0318.stp,6.17,9.81,26.57,5.96,5.00,3.30,Face15,32.5300
rand_0319,rand_0319.stp,4.79,8.45,20.2,4.97,4.00,2.80,Face15,25.1700
rand_0320,rand_0320.stp,9.83,16.47,49.6,10.18,8.00,5.30,Face15,59.7800
rand_0321,rand_0321.stp,9.77,16.37,128.79,9.89,8.00,5.30,Face15,138.6800
rand_0322,rand_0322.stp,3.02,5.67,31.0,2.89,2.50,1.80,Face15,33.8900
rand_0323,rand_0323.stp,11.75,18.32,28.0,11.57,10.00,6.30,Face15,39.5700
rand_0324,rand_0324.stp,9.69,16.29,66.27,10.16,8.00,5.30,Face15,76.4300
rand_0325,rand_0325.stp,3.02,5.53,35.28,2.88,2.50,1.80,Face15,38.1600
rand_0326,rand_0326.stp,3.0,5.62,8.0,2.96,2.50,1.80,Face15,10.9600
rand_0327,rand_0327.stp,4.02,6.96,9.4,3.99,3.00,2.30,Face15,13.3900
rand_0328,rand_0328.stp,11.71,18.68,19.14,11.85,10.00,6.30,Face15,30.9900
rand_0329,rand_0329.stp,4.11,7.22,8.7,4.02,3.00,2.30,Face15,12.7200
rand_0330,rand_0330.stp,13.69,20.59,77.3,13.58,12.00,7.30,Face15,90.8800
rand_0331,rand_0331.stp,10.05,16.5,24.0,9.66,8.00,5.30,Face15,33.6600
rand_0332,rand_0332.stp,19.98,29.48,77.48,19.29,17.00,10.30,Face15,96.7700
rand_0333,rand_0333.stp,2.78,5.67,14.0,2.88,2.50,1.80,Face15,16.8800
rand_0334,rand_0334.stp,12.3,17.96,76.3,11.93,10.00,6.30,Face15,88.2300
rand_0335,rand_0335.stp,15.88,24.61,17.54,15.49,14.00,8.30,Face15,33.0300
rand_0336,rand_0336.stp,9.69,16.1,62.19,10.1,8.00,5.30,Face15,72.2900
rand_0337,rand_0337.stp,12.33,17.99,67.0,11.98,10.00,6.30,Face15,78.9800
rand_0338,rand_0338.stp,10.04,16.04,13.0,9.71,8.00,5.30,Face15,22.7100
rand_0339,rand_0339.stp,19.86,29.84,79.9,19.29,17.00,10.30,Face15,99.1900
rand_0340,rand_0340.stp,5.17,8.49,8.6,4.83,4.00,2.80,Face15,13.4300
rand_0341,rand_0341.stp,7.72,12.81,32.67,7.89,6.00,4.30,Face15,40.5600
rand_0342,rand_0342.stp,2.71,5.57,4.4,2.99,2.00,1.40,Face15,7.3900
rand_0343,rand_0343.stp,11.92,17.73,77.0,12.17,10.00,6.30,Face15,89.1700
rand_0344,rand_0344.stp,5.13,8.42,6.0,4.88,4.00,2.80,Face15,10.8800
rand_0345,rand_0345.stp,11.84,17.96,59.0,12.08,10.00,6.30,Face15,71.0800
rand_0346,rand_0346.stp,14.07,20.83,32.4,13.53,12.00,7.30,Face15,45.9300
rand_0347,rand_0347.stp,19.92,30.95,126.9,19.73,17.00,10.30,Face15,146.6300
rand_0348,rand_0348.stp,4.86,8.64,41.0,5.01,4.00,2.80,Face15,46.0100
rand_0349,rand_0349.stp,9.85,16.35,34.0,9.89,8.00,5.30,Face15,43.8900
rand_0350,rand_0350.stp,8.22,13.05,73.94,7.73,6.00,4.30,Face15,81.6700
rand_0351,rand_0351.stp,5.13,8.61,11.9,5.09,4.00,2.80,Face15,16.9900
rand_0352,rand_0352.stp,8.23,12.79,50.42,8.09,6.00,4.30,Face15,58.5100
rand_0353,rand_0353.stp,7.82,13.25,46.0,8.02,6.00,4.30,Face15,54.0200
rand_0354,rand_0354.stp,19.99,30.12,60.15,19.81,17.00,10.30,Face15,79.9600
rand_0355,rand_0355.stp,3.2,5.51,27.16,3.04,2.50,1.80,Face15,30.2000
rand_0356,rand_0356.stp,4.19,7.14,26.0,3.93,3.00,2.30,Face15,29.9300
rand_0357,rand_0357.stp,12.33,18.0,16.0,12.09,10.00,6.30,Face15,28.0900
rand_0358,rand_0358.stp,16.17,24.32,35.7,16.02,14.00,8.30,Face15,51.7200
rand_0359,rand_0359.stp,20.13,29.67,60.0,20.4,17.00,10.30,Face15,80.4000
rand_0360,rand_0360.stp,3.73,7.26,22.0,3.87,3.00,2.30,Face15,25.8700
rand_0361,rand_0361.stp,15.99,24.21,16.3,15.78,14.00,8.30,Face15,32.0800
rand_0362,rand_0362.stp,3.22,5.43,27.46,3.03,2.50,1.80,Face15,30.4900
rand_0363,rand_0363.stp,6.01,10.13,13.9,5.88,5.00,3.30,Face15,19.7800
rand_0364,rand_0364.stp,12.09,17.84,54.64,11.99,10.00,6.30,Face15,66.6300
rand_0365,rand_0365.stp,5.96,10.06,24.7,5.76,5.00,3.30,Face15,30.4600
rand_0366,rand_0366.stp,4.05,7.2,16.0,3.97,3.00,2.30,Face15,19.9700
rand_0367,rand_0367.stp,8.12,13.12,32.4,8.14,6.00,4.30,Face15,40.5400
rand_0368,rand_0368.stp,19.73,30.03,63.2,19.75,17.00,10.30,Face15,82.9500
rand_0369,rand_0369.stp,8.29,13.2,18.0,8.0,6.00,4.30,Face15,26.0000
rand_0370,rand_0370.stp,4.91,8.4,21.57,4.92,4.00,2.80,Face15,26.4900
rand_0371,rand_0371.stp,4.99,8.6,41.0,5.08,4.00,2.80,Face15,46.0800
rand_0372,rand_0372.stp,13.85,20.82,124.1,14.15,12.00,7.30,Face15,138.2500
rand_0373,rand_0373.stp,13.75,21.61,52.2,14.25,12.00,7.30,Face15,66.4500
rand_0374,rand_0374.stp,13.94,21.64,38.0,13.85,12.00,7.30,Face15,51.8500
rand_0375,rand_0375.stp,5.85,9.96,17.6,5.95,5.00,3.30,Face15,23.5500
rand_0376,rand_0376.stp,14.03,20.72,73.7,13.54,12.00,7.30,Face15,87.2400
rand_0377,rand_0377.stp,3.18,5.54,21.69,2.92,2.50,1.80,Face15,24.6100
rand_0378,rand_0378.stp,5.86,10.4,20.0,5.92,5.00,3.30,Face15,25.9200
rand_0379,rand_0379.stp,4.19,6.96,35.2,4.03,3.00,2.30,Face15,39.2300
rand_0380,rand_0380.stp,20.09,29.7,77.0,19.37,17.00,10.30,Face15,96.3700
rand_0381,rand_0381.stp,19.9,29.91,42.63,19.85,17.00,10.30,Face15,62.4800
rand_0382,rand_0382.stp,19.84,30.94,26.0,20.38,17.00,10.30,Face15,46.3800
rand_0383,rand_0383.stp,12.29,18.71,16.0,12.14,10.00,6.30,Face15,28.1400
rand_0384,rand_0384.stp,10.23,16.41,54.35,10.01,8.00,5.30,Face15,64.3600
rand_0385,rand_0385.stp,11.91,17.72,70.1,12.09,10.00,6.30,Face15,82.1900
rand_0386,rand_0386.stp,8.14,13.42,4.71,7.9,6.00,4.30,Face15,12.6100
rand_0387,rand_0387.stp,4.16,7.05,24.0,4.0,3.00,2.30,Face15,28.0000
rand_0388,rand_0388.stp,11.8,18.1,26.7,11.67,10.00,6.30,Face15,38.3700
rand_0389,rand_0389.stp,19.74,30.93,16.0,20.15,17.00,10.30,Face15,36.1500
rand_0390,rand_0390.stp,13.66,21.75,27.7,13.57,12.00,7.30,Face15,41.2700
rand_0391,rand_0391.stp,5.27,8.48,45.0,5.06,4.00,2.80,Face15,50.0600
rand_0392,rand_0392.stp,7.71,13.26,10.82,7.99,6.00,4.30,Face15,18.8100
rand_0393,rand_0393.stp,5.95,9.85,8.0,5.79,5.00,3.30,Face15,13.7900
rand_0394,rand_0394.stp,6.01,10.07,40.0,5.76,5.00,3.30,Face15,45.7600
rand_0395,rand_0395.stp,12.14,18.16,10.0,11.68,10.00,6.30,Face15,21.6800
rand_0396,rand_0396.stp,10.27,15.81,75.0,10.06,8.00,5.30,Face15,85.0600
rand_0397,rand_0397.stp,4.7,8.62,18.3,4.98,4.00,2.80,Face15,23.2800
rand_0398,rand_0398.stp,5.29,8.64,7.0,4.93,4.00,2.80,Face15,11.9300
rand_0399,rand_0399.stp,4.06,7.02,10.0,4.07,3.00,2.30,Face15,14.0700
rand_0400,rand_0400.stp,3.82,7.11,4.58,4.01,3.00,2.30,Face15,8.5900
rand_0401,rand_0401.stp,7.79,13.21,7.39,7.77,6.00,4.30,Face15,15.1600
rand_0402,rand_0402.stp,6.0,9.87,52.67,5.94,5.00,3.30,Face15,58.6100
rand_0403,rand_0403.stp,3.34,5.7,19.57,2.9,2.50,1.80,Face15,22.4700
rand_0404,rand_0404.stp,16.13,24.62,80.0,16.28,14.00,8.30,Face15,96.2800
rand_0405,rand_0405.stp,2.83,5.4,13.86,2.89,2.50,1.80,Face15,16.7500
rand_0406,rand_0406.stp,16.19,24.13,83.19,15.75,14.00,8.30,Face15,98.9400
rand_0407,rand_0407.stp,7.71,12.8,63.0,8.12,6.00,4.30,Face15,71.1200
rand_0408,rand_0408.stp,12.06,18.46,86.2,11.99,10.00,6.30,Face15,98.1900
rand_0409,rand_0409.stp,5.69,9.85,6.46,5.92,5.00,3.30,Face15,12.3800
rand_0410,rand_0410.stp,4.73,8.69,14.4,5.01,4.00,2.80,Face15,19.4100
rand_0411,rand_0411.stp,7.77,12.84,36.0,8.05,6.00,4.30,Face15,44.0500
rand_0412,rand_0412.stp,2.88,5.53,13.71,2.97,2.50,1.80,Face15,16.6800
rand_0413,rand_0413.stp,13.97,21.03,26.1,13.86,12.00,7.30,Face15,39.9600
rand_0414,rand_0414.stp,4.28,7.14,6.0,3.87,3.00,2.30,Face15,9.8700
rand_0415,rand_0415.stp,2.82,5.55,10.0,2.95,2.50,1.80,Face15,12.9500
rand_0416,rand_0416.stp,11.81,17.91,45.0,12.18,10.00,6.30,Face15,57.1800
rand_0417,rand_0417.stp,4.0,7.24,48.0,3.88,3.00,2.30,Face15,51.8800
rand_0418,rand_0418.stp,4.26,7.22,17.0,4.03,3.00,2.30,Face15,21.0300
rand_0419,rand_0419.stp,2.91,5.49,19.0,3.02,2.50,1.80,Face15,22.0200
rand_0420,rand_0420.stp,20.33,31.2,101.27,20.13,17.00,10.30,Face15,121.4000
rand_0421,rand_0421.stp,5.76,10.36,46.81,5.77,5.00,3.30,Face15,52.5800
rand_0422,rand_0422.stp,3.32,5.39,15.24,3.0,2.50,1.80,Face15,18.2400
rand_0423,rand_0423.stp,6.02,9.94,16.0,5.94,5.00,3.30,Face15,21.9400
rand_0424,rand_0424.stp,3.68,6.96,16.8,4.04,3.00,2.30,Face15,20.8400
rand_0425,rand_0425.stp,4.06,7.07,19.29,3.99,3.00,2.30,Face15,23.2800
rand_0426,rand_0426.stp,12.11,17.78,93.0,11.73,10.00,6.30,Face15,104.7300
rand_0427,rand_0427.stp,9.87,15.94,10.02,9.64,8.00,5.30,Face15,19.6600
rand_0428,rand_0428.stp,3.77,7.06,19.0,3.94,3.00,2.30,Face15,22.9400
rand_0429,rand_0429.stp,13.84,20.73,92.75,13.57,12.00,7.30,Face15,106.3200
rand_0430,rand_0430.stp,2.8,5.67,16.5,2.91,2.50,1.80,Face15,19.4100
rand_0431,rand_0431.stp,3.12,5.48,10.1,3.06,2.50,1.80,Face15,13.1600
rand_0432,rand_0432.stp,16.17,23.88,23.0,15.8,14.00,8.30,Face15,38.8000
rand_0433,rand_0433.stp,3.23,5.71,28.5,2.9,2.50,1.80,Face15,31.4000
rand_0434,rand_0434.stp,4.06,6.97,6.0,4.04,3.00,2.30,Face15,10.0400
rand_0435,rand_0435.stp,14.22,20.7,13.0,14.15,12.00,7.30,Face15,27.1500
rand_0436,rand_0436.stp,13.69,21.74,10.8,13.8,12.00,7.30,Face15,24.6000
rand_0437,rand_0437.stp,11.77,17.87,8.0,11.65,10.00,6.30,Face15,19.6500
rand_0438,rand_0438.stp,20.08,30.57,17.2,19.8,17.00,10.30,Face15,37.0000
rand_0439,rand_0439.stp,7.92,13.07,63.0,7.99,6.00,4.30,Face15,70.9900
rand_0440,rand_0440.stp,16.21,24.94,83.81,16.11,14.00,8.30,Face15,99.9200
rand_0441,rand_0441.stp,10.29,16.16,29.4,9.83,8.00,5.30,Face15,39.2300
rand_0442,rand_0442.stp,3.28,5.65,18.9,2.89,2.50,1.80,Face15,21.7900
rand_0443,rand_0443.stp,20.35,31.15,73.9,19.32,17.00,10.30,Face15,93.2200
rand_0444,rand_0444.stp,3.18,5.7,18.7,2.98,2.50,1.80,Face15,21.6800
rand_0445,rand_0445.stp,4.77,8.63,5.46,5.04,4.00,2.80,Face15,10.5000
rand_0446,rand_0446.stp,10.31,16.22,27.8,9.94,8.00,5.30,Face15,37.7400
rand_0447,rand_0447.stp,4.99,8.38,15.06,4.87,4.00,2.80,Face15,19.9300
rand_0448,rand_0448.stp,10.29,15.87,11.6,9.68,8.00,5.30,Face15,21.2800
rand_0449,rand_0449.stp,5.06,8.8,62.4,5.03,4.00,2.80,Face15,67.4300
rand_0450,rand_0450.stp,10.14,16.32,13.5,9.95,8.00,5.30,Face15,23.4500
rand_0451,rand_0451.stp,5.16,8.55,10.8,4.99,4.00,2.80,Face15,15.7900
rand_0452,rand_0452.stp,16.14,24.86,65.76,16.12,14.00,8.30,Face15,81.8800
rand_0453,rand_0453.stp,11.86,18.38,123.65,11.61,10.00,6.30,Face15,135.2600
rand_0454,rand_0454.stp,12.25,18.47,50.4,11.93,10.00,6.30,Face15,62.3300
rand_0455,rand_0455.stp,19.8,30.42,15.4,20.32,17.00,10.30,Face15,35.7200
rand_0456,rand_0456.stp,10.34,15.84,25.05,10.13,8.00,5.30,Face15,35.1800
rand_0457,rand_0457.stp,9.96,15.93,26.4,9.75,8.00,5.30,Face15,36.1500
rand_0458,rand_0458.stp,2.68,5.53,9.9,2.96,2.00,1.40,Face15,12.8600
rand_0459,rand_0459.stp,11.9,18.05,86.88,12.12,10.00,6.30,Face15,99.0000
rand_0460,rand_0460.stp,5.76,9.84,12.7,6.06,5.00,3.30,Face15,18.7600
rand_0461,rand_0461.stp,3.7,6.93,44.63,3.93,3.00,2.30,Face15,48.5600
rand_0462,rand_0462.stp,3.89,7.27,43.4,4.05,3.00,2.30,Face15,47.4500
rand_0463,rand_0463.stp,5.08,8.55,16.0,4.82,4.00,2.80,Face15,20.8200
rand_0464,rand_0464.stp,16.16,24.57,16.0,15.61,14.00,8.30,Face15,31.6100
rand_0465,rand_0465.stp,12.05,18.55,12.7,11.63,10.00,6.30,Face15,24.3300
rand_0466,rand_0466.stp,19.99,29.57,67.0,19.45,17.00,10.30,Face15,86.4500
rand_0467,rand_0467.stp,3.87,7.03,30.0,3.96,3.00,2.30,Face15,33.9600
rand_0468,rand_0468.stp,11.78,18.6,44.1,11.79,10.00,6.30,Face15,55.8900
rand_0469,rand_0469.stp,7.81,12.95,12.95,7.71,6.00,4.30,Face15,20.6600
rand_0470,rand_0470.stp,10.22,16.08,44.0,10.05,8.00,5.30,Face15,54.0500
rand_0471,rand_0471.stp,15.94,24.29,65.0,16.19,14.00,8.30,Face15,81.1900
rand_0472,rand_0472.stp,3.93,7.22,32.35,3.85,3.00,2.30,Face15,36.2000
rand_0473,rand_0473.stp,19.75,31.11,127.0,19.74,17.00,10.30,Face15,146.7400
rand_0474,rand_0474.stp,5.74,10.05,10.41,6.12,5.00,3.30,Face15,16.5300
rand_0475,rand_0475.stp,19.83,31.04,37.9,20.3,17.00,10.30,Face15,58.2000
rand_0476,rand_0476.stp,15.88,23.92,84.05,15.8,14.00,8.30,Face15,99.8500
rand_0477,rand_0477.stp,16.2,23.68,100.52,15.5,14.00,8.30,Face15,116.0200
rand_0478,rand_0478.stp,4.3,7.1,23.13,3.86,3.00,2.30,Face15,26.9900
rand_0479,rand_0479.stp,11.83,18.35,31.0,11.93,10.00,6.30,Face15,42.9300
rand_0480,rand_0480.stp,5.08,8.68,27.3,4.92,4.00,2.80,Face15,32.2200
rand_0481,rand_0481.stp,3.17,5.69,6.1,3.04,2.50,1.80,Face15,9.1400
rand_0482,rand_0482.stp,14.25,21.44,68.7,14.26,12.00,7.30,Face15,82.9600
rand_0483,rand_0483.stp,14.19,20.98,30.0,14.05,12.00,7.30,Face15,44.0500
rand_0484,rand_0484.stp,6.29,10.04,44.4,5.93,5.00,3.30,Face15,50.3300
rand_0485,rand_0485.stp,16.2,23.61,100.75,16.04,14.00,8.30,Face15,116.7900
rand_0486,rand_0486.stp,2.77,5.68,8.0,2.92,2.50,1.80,Face15,10.9200
rand_0487,rand_0487.stp,10.14,15.94,78.53,10.09,8.00,5.30,Face15,88.6200
rand_0488,rand_0488.stp,2.82,5.55,27.8,2.96,2.50,1.80,Face15,30.7600
rand_0489,rand_0489.stp,9.89,16.48,39.0,9.76,8.00,5.30,Face15,48.7600
rand_0490,rand_0490.stp,11.68,18.56,40.0,12.08,10.00,6.30,Face15,52.0800
rand_0491,rand_0491.stp,5.84,10.05,4.61,5.77,5.00,3.30,Face15,10.3800
rand_0492,rand_0492.stp,5.1,8.64,21.9,4.8,4.00,2.80,Face15,26.7000
rand_0493,rand_0493.stp,7.95,13.03,16.5,7.85,6.00,4.30,Face15,24.3500
rand_0494,rand_0494.stp,16.23,24.09,125.91,15.46,14.00,8.30,Face15,141.3700
rand_0495,rand_0495.stp,10.04,16.25,11.8,9.77,8.00,5.30,Face15,21.5700
rand_0496,rand_0496.stp,8.1,13.41,29.54,7.81,6.00,4.30,Face15,37.3500
rand_0497,rand_0497.stp,5.01,8.45,28.83,4.82,4.00,2.80,Face15,33.6500
rand_0498,rand_0498.stp,10.13,16.37,118.4,9.99,8.00,5.30,Face15,128.3900
rand_0499,rand_0499.stp,11.92,17.68,42.0,12.03,10.00,6.30,Face15,54.0300
rand_0500,rand_0500.stp,6.13,10.18,44.4,5.93,5.00,3.30,Face15,50.3300
rand_0501,rand_0501.stp,5.24,8.78,16.0,4.85,4.00,2.80,Face15,20.8500
rand_0502,rand_0502.stp,16.18,23.78,29.0,16.01,14.00,8.30,Face15,45.0100
rand_0503,rand_0503.stp,6.17,9.98,25.0,6.04,5.00,3.30,Face15,31.0400
rand_0504,rand_0504.stp,14.25,21.17,16.11,14.17,12.00,7.30,Face15,30.2800
rand_0505,rand_0505.stp,6.0,10.32,33.0,5.9,5.00,3.30,Face15,38.9000
rand_0506,rand_0506.stp,4.75,8.43,10.3,4.92,4.00,2.80,Face15,15.2200
rand_0507,rand_0507.stp,5.2,8.58,5.2,4.99,4.00,2.80,Face15,10.1900
rand_0508,rand_0508.stp,13.84,21.54,103.6,13.58,12.00,7.30,Face15,117.1800
rand_0509,rand_0509.stp,3.74,7.04,15.0,3.94,3.00,2.30,Face15,18.9400
rand_0510,rand_0510.stp,3.02,5.63,11.26,3.05,2.50,1.80,Face15,14.3100
rand_0511,rand_0511.stp,3.09,5.47,6.0,3.0,2.50,1.80,Face15,9.0000
rand_0512,rand_0512.stp,16.06,23.76,47.0,16.15,14.00,8.30,Face15,63.1500
rand_0513,rand_0513.stp,16.07,24.01,129.5,16.21,14.00,8.30,Face15,145.7100
rand_0514,rand_0514.stp,13.9,20.82,9.8,14.24,12.00,7.30,Face15,24.0400
rand_0515,rand_0515.stp,6.16,9.88,11.0,6.02,5.00,3.30,Face15,17.0200
rand_0516,rand_0516.stp,2.91,5.6,32.28,3.02,2.50,1.80,Face15,35.3000
rand_0517,rand_0517.stp,4.11,6.87,7.5,4.01,3.00,2.30,Face15,11.5100
rand_0518,rand_0518.stp,7.98,12.86,36.6,8.01,6.00,4.30,Face15,44.6100
rand_0519,rand_0519.stp,4.11,6.97,11.0,3.99,3.00,2.30,Face15,14.9900
rand_0520,rand_0520.stp,19.73,29.61,73.0,19.33,17.00,10.30,Face15,92.3300
rand_0521,rand_0521.stp,16.33,24.04,37.23,15.75,14.00,8.30,Face15,52.9800
rand_0522,rand_0522.stp,6.13,10.09,16.0,5.84,5.00,3.30,Face15,21.8400
rand_0523,rand_0523.stp,20.12,29.67,96.74,19.31,17.00,10.30,Face15,116.0500
rand_0524,rand_0524.stp,8.1,13.1,9.0,8.15,6.00,4.30,Face15,17.1500
rand_0525,rand_0525.stp,5.26,8.76,41.4,4.91,4.00,2.80,Face15,46.3100
rand_0526,rand_0526.stp,4.25,7.23,6.5,3.84,3.00,2.30,Face15,10.3400
rand_0527,rand_0527.stp,10.28,16.6,92.2,9.76,8.00,5.30,Face15,101.9600
rand_0528,rand_0528.stp,4.73,8.53,55.16,4.94,4.00,2.80,Face15,60.1000
rand_0529,rand_0529.stp,12.1,18.5,126.0,11.6,10.00,6.30,Face15,137.6000
rand_0530,rand_0530.stp,4.72,8.79,12.0,4.94,4.00,2.80,Face15,16.9400
rand_0531,rand_0531.stp,12.2,18.3,126.72,12.14,10.00,6.30,Face15,138.8600
rand_0532,rand_0532.stp,4.99,8.58,14.0,5.07,4.00,2.80,Face15,19.0700
rand_0533,rand_0533.stp,9.66,16.51,66.35,9.91,8.00,5.30,Face15,76.2600
rand_0534,rand_0534.stp,10.01,16.34,23.0,9.97,8.00,5.30,Face15,32.9700
rand_0535,rand_0535.stp,10.11,16.3,11.79,9.69,8.00,5.30,Face15,21.4800
rand_0536,rand_0536.stp,5.0,8.57,10.4,4.95,4.00,2.80,Face15,15.3500
rand_0537,rand_0537.stp,10.33,15.73,83.7,9.73,8.00,5.30,Face15,93.4300
rand_0538,rand_0538.stp,3.97,7.2,19.5,3.95,3.00,2.30,Face15,23.4500
rand_0539,rand_0539.stp,14.17,20.6,7.21,13.78,12.00,7.30,Face15,20.9900
rand_0540,rand_0540.stp,4.2,7.26,14.49,3.99,3.00,2.30,Face15,18.4800
rand_0541,rand_0541.stp,14.32,21.04,27.8,13.49,12.00,7.30,Face15,41.2900
rand_0542,rand_0542.stp,20.07,30.69,101.0,19.64,17.00,10.30,Face15,120.6400
rand_0543,rand_0543.stp,5.65,10.01,40.33,5.99,5.00,3.30,Face15,46.3200
rand_0544,rand_0544.stp,3.68,6.93,21.35,3.87,3.00,2.30,Face15,25.2200
rand_0545,rand_0545.stp,8.08,12.89,48.4,8.13,6.00,4.30,Face15,56.5300
rand_0546,rand_0546.stp,6.15,9.86,50.35,5.91,5.00,3.30,Face15,56.2600
rand_0547,rand_0547.stp,13.97,21.32,72.0,13.86,12.00,7.30,Face15,85.8600
rand_0548,rand_0548.stp,3.04,5.53,31.0,2.99,2.50,1.80,Face15,33.9900
rand_0549,rand_0549.stp,5.16,8.4,27.2,4.92,4.00,2.80,Face15,32.1200
rand_0550,rand_0550.stp,11.94,18.3,61.7,12.02,10.00,6.30,Face15,73.7200
rand_0551,rand_0551.stp,7.97,12.84,46.89,7.88,6.00,4.30,Face15,54.7700
rand_0552,rand_0552.stp,16.25,24.55,34.0,16.26,14.00,8.30,Face15,50.2600
rand_0553,rand_0553.stp,8.13,13.46,47.0,7.74,6.00,4.30,Face15,54.7400
rand_0554,rand_0554.stp,10.15,16.41,68.29,9.94,8.00,5.30,Face15,78.2300
rand_0555,rand_0555.stp,15.85,24.74,55.0,16.14,14.00,8.30,Face15,71.1400
rand_0556,rand_0556.stp,3.12,5.46,12.1,3.02,2.50,1.80,Face15,15.1200
rand_0557,rand_0557.stp,5.24,8.68,24.0,4.89,4.00,2.80,Face15,28.8900
rand_0558,rand_0558.stp,13.72,21.67,86.71,14.06,12.00,7.30,Face15,100.7700
rand_0559,rand_0559.stp,11.82,18.49,9.4,12.1,10.00,6.30,Face15,21.5000
rand_0560,rand_0560.stp,11.92,18.67,10.08,12.22,10.00,6.30,Face15,22.3000
rand_0561,rand_0561.stp,7.79,13.42,57.0,8.09,6.00,4.30,Face15,65.0900
rand_0562,rand_0562.stp,10.18,16.2,38.0,9.96,8.00,5.30,Face15,47.9600
rand_0563,rand_0563.stp,5.34,8.37,24.0,5.09,4.00,2.80,Face15,29.0900
rand_0564,rand_0564.stp,11.85,17.93,47.0,11.64,10.00,6.30,Face15,58.6400
rand_0565,rand_0565.stp,4.68,8.8,38.73,4.98,4.00,2.80,Face15,43.7100
rand_0566,rand_0566.stp,7.99,13.19,52.2,7.85,6.00,4.30,Face15,60.0500
rand_0567,rand_0567.stp,5.01,8.73,7.9,4.85,4.00,2.80,Face15,12.7500
rand_0568,rand_0568.stp,6.27,10.2,21.58,5.88,5.00,3.30,Face15,27.4600
rand_0569,rand_0569.stp,16.23,24.93,37.3,15.37,14.00,8.30,Face15,52.6700
rand_0570,rand_0570.stp,20.29,29.84,119.9,19.25,17.00,10.30,Face15,139.1500
rand_0571,rand_0571.stp,3.92,7.09,30.6,3.91,3.00,2.30,Face15,34.5100
rand_0572,rand_0572.stp,15.96,23.58,13.62,16.22,14.00,8.30,Face15,29.8400
rand_0573,rand_0573.stp,3.77,7.26,6.0,3.97,3.00,2.30,Face15,9.9700
rand_0574,rand_0574.stp,6.26,10.05,48.56,5.8,5.00,3.30,Face15,54.3600
rand_0575,rand_0575.stp,12.1,18.65,37.8,12.06,10.00,6.30,Face15,49.8600
rand_0576,rand_0576.stp,2.71,5.41,25.44,3.02,2.00,1.40,Face15,28.4600
rand_0577,rand_0577.stp,7.94,13.09,35.4,7.87,6.00,4.30,Face15,43.2700
rand_0578,rand_0578.stp,15.65,24.56,93.0,15.42,14.00,8.30,Face15,108.4200
rand_0579,rand_0579.stp,3.9,7.07,7.54,3.91,3.00,2.30,Face15,11.4500
rand_0580,rand_0580.stp,13.92,21.62,14.0,13.47,12.00,7.30,Face15,27.4700
rand_0581,rand_0581.stp,12.21,18.56,82.8,11.73,10.00,6.30,Face15,94.5300
rand_0582,rand_0582.stp,10.32,15.69,6.0,10.12,8.00,5.30,Face15,16.1200
rand_0583,rand_0583.stp,19.93,30.39,86.24,19.3,17.00,10.30,Face15,105.5400
rand_0584,rand_0584.stp,9.8,16.55,13.0,10.11,8.00,5.30,Face15,23.1100
rand_0585,rand_0585.stp,7.79,12.88,49.46,8.06,6.00,4.30,Face15,57.5200
rand_0586,rand_0586.stp,15.7,24.49,40.12,15.6,14.00,8.30,Face15,55.7200
rand_0587,rand_0587.stp,9.9,16.32,53.0,9.74,8.00,5.30,Face15,62.7400
rand_0588,rand_0588.stp,9.99,16.0,63.0,10.0,8.00,5.30,Face15,73.0000
rand_0589,rand_0589.stp,10.22,16.6,45.0,9.7,8.00,5.30,Face15,54.7000
rand_0590,rand_0590.stp,11.84,18.03,38.5,12.01,10.00,6.30,Face15,50.5100
rand_0591,rand_0591.stp,10.19,16.15,86.0,9.67,8.00,5.30,Face15,95.6700
rand_0592,rand_0592.stp,5.27,8.43,7.59,5.02,4.00,2.80,Face15,12.6100
rand_0593,rand_0593.stp,3.24,5.6,9.71,3.03,2.50,1.80,Face15,12.7400
rand_0594,rand_0594.stp,3.04,5.57,12.0,3.06,2.50,1.80,Face15,15.0600
rand_0595,rand_0595.stp,6.27,10.15,15.05,6.07,5.00,3.30,Face15,21.1200
rand_0596,rand_0596.stp,11.9,17.65,90.92,11.69,10.00,6.30,Face15,102.6100
rand_0597,rand_0597.stp,15.75,23.75,98.0,15.9,14.00,8.30,Face15,113.9000
rand_0598,rand_0598.stp,14.31,20.63,30.8,14.08,12.00,7.30,Face15,44.8800
rand_0599,rand_0599.stp,3.12,5.56,21.6,3.02,2.50,1.80,Face15,24.6200
rand_0600,rand_0600.stp,3.34,5.5,24.7,3.01,2.50,1.80,Face15,27.7100
rand_0601,rand_0601.stp,8.06,13.18,38.38,7.86,6.00,4.30,Face15,46.2400
rand_0602,rand_0602.stp,4.01,7.02,30.8,4.06,3.00,2.30,Face15,34.8600
rand_0603,rand_0603.stp,9.99,16.14,40.0,9.96,8.00,5.30,Face15,49.9600
rand_0604,rand_0604.stp,5.7,10.19,19.3,5.84,5.00,3.30,Face15,25.1400
rand_0605,rand_0605.stp,4.11,7.03,10.44,3.92,3.00,2.30,Face15,14.3600
rand_0606,rand_0606.stp,6.06,10.19,21.0,5.91,5.00,3.30,Face15,26.9100
rand_0607,rand_0607.stp,4.74,8.59,9.0,5.07,4.00,2.80,Face15,14.0700
rand_0608,rand_0608.stp,5.01,8.54,39.13,5.09,4.00,2.80,Face15,44.2200
rand_0609,rand_0609.stp,8.31,12.91,14.9,7.97,6.00,4.30,Face15,22.8700
rand_0610,rand_0610.stp,12.07,18.5,30.84,12.11,10.00,6.30,Face15,42.9500
rand_0611,rand_0611.stp,5.16,8.5,21.0,4.94,4.00,2.80,Face15,25.9400
rand_0612,rand_0612.stp,4.73,8.43,37.3,5.06,4.00,2.80,Face15,42.3600
rand_0613,rand_0613.stp,19.72,30.26,31.82,19.94,17.00,10.30,Face15,51.7600
rand_0614,rand_0614.stp,3.72,7.14,34.0,4.06,3.00,2.30,Face15,38.0600
rand_0615,rand_0615.stp,12.02,18.04,98.0,11.55,10.00,6.30,Face15,109.5500
rand_0616,rand_0616.stp,14.2,21.06,77.98,13.93,12.00,7.30,Face15,91.9100
rand_0617,rand_0617.stp,11.74,18.16,80.3,11.69,10.00,6.30,Face15,91.9900
rand_0618,rand_0618.stp,15.94,23.79,71.85,16.04,14.00,8.30,Face15,87.8900
rand_0619,rand_0619.stp,15.66,24.46,17.6,16.02,14.00,8.30,Face15,33.6200
rand_0620,rand_0620.stp,12.11,17.91,57.0,12.14,10.00,6.30,Face15,69.1400
rand_0621,rand_0621.stp,12.18,18.09,57.3,12.08,10.00,6.30,Face15,69.3800
rand_0622,rand_0622.stp,13.83,20.97,24.14,13.73,12.00,7.30,Face15,37.8700
rand_0623,rand_0623.stp,4.17,7.05,12.0,4.01,3.00,2.30,Face15,16.0100
rand_0624,rand_0624.stp,10.21,16.27,29.4,10.01,8.00,5.30,Face15,39.4100
rand_0625,rand_0625.stp,3.21,5.66,6.0,2.96,2.50,1.80,Face15,8.9600
rand_0626,rand_0626.stp,5.91,10.17,52.5,6.02,5.00,3.30,Face15,58.5200
rand_0627,rand_0627.stp,15.85,24.91,86.0,15.42,14.00,8.30,Face15,101.4200
rand_0628,rand_0628.stp,13.66,21.65,11.0,14.22,12.00,7.30,Face15,25.2200
rand_0629,rand_0629.stp,20.01,30.66,38.7,19.94,17.00,10.30,Face15,58.6400
rand_0630,rand_0630.stp,3.33,5.42,12.05,2.93,2.50,1.80,Face15,14.9800
rand_0631,rand_0631.stp,19.79,29.43,44.15,20.04,17.00,10.30,Face15,64.1900
rand_0632,rand_0632.stp,16.29,24.02,86.11,16.28,14.00,8.30,Face15,102.3900
rand_0633,rand_0633.stp,14.3,21.3,59.0,13.66,12.00,7.30,Face15,72.6600
rand_0634,rand_0634.stp,15.86,24.88,107.25,16.13,14.00,8.30,Face15,123.3800
rand_0635,rand_0635.stp,19.83,30.2,101.0,19.65,17.00,10.30,Face15,120.6500
rand_0636,rand_0636.stp,14.13,21.71,14.5,14.16,12.00,7.30,Face15,28.6600
rand_0637,rand_0637.stp,6.12,9.94,47.28,5.87,5.00,3.30,Face15,53.1500
rand_0638,rand_0638.stp,7.82,12.81,57.0,8.0,6.00,4.30,Face15,65.0000
rand_0639,rand_0639.stp,4.98,8.51,21.86,5.07,4.00,2.80,Face15,26.9300
rand_0640,rand_0640.stp,6.0,9.92,21.0,6.02,5.00,3.30,Face15,27.0200
rand_0641,rand_0641.stp,6.24,10.01,18.0,6.04,5.00,3.30,Face15,24.0400
rand_0642,rand_0642.stp,14.08,21.54,19.1,13.89,12.00,7.30,Face15,32.9900
rand_0643,rand_0643.stp,9.99,16.63,28.0,10.14,8.00,5.30,Face15,38.1400
rand_0644,rand_0644.stp,15.85,23.84,26.4,15.91,14.00,8.30,Face15,42.3100
rand_0645,rand_0645.stp,15.67,24.02,127.1,16.19,14.00,8.30,Face15,143.2900
rand_0646,rand_0646.stp,15.97,24.51,14.82,15.37,14.00,8.30,Face15,30.1900
rand_0647,rand_0647.stp,10.08,15.93,50.5,9.93,8.00,5.30,Face15,60.4300
rand_0648,rand_0648.stp,9.91,16.16,42.9,9.73,8.00,5.30,Face15,52.6300
rand_0649,rand_0649.stp,11.85,17.83,91.0,11.61,10.00,6.30,Face15,102.6100
rand_0650,rand_0650.stp,8.21,13.17,9.75,8.09,6.00,4.30,Face15,17.8400
rand_0651,rand_0651.stp,2.77,5.55,23.53,3.06,2.50,1.80,Face15,26.5900
rand_0652,rand_0652.stp,10.2,15.97,14.1,9.94,8.00,5.30,Face15,24.0400
rand_0653,rand_0653.stp,4.69,8.75,39.6,4.94,4.00,2.80,Face15,44.5400
rand_0654,rand_0654.stp,7.9,13.18,21.0,8.13,6.00,4.30,Face15,29.1300
rand_0655,rand_0655.stp,10.26,16.6,52.61,9.72,8.00,5.30,Face15,62.3300
rand_0656,rand_0656.stp,7.9,13.27,37.0,7.91,6.00,4.30,Face15,44.9100
rand_0657,rand_0657.stp,7.97,13.49,37.1,8.1,6.00,4.30,Face15,45.2000
rand_0658,rand_0658.stp,20.05,30.93,33.0,19.29,17.00,10.30,Face15,52.2900
rand_0659,rand_0659.stp,8.15,13.21,79.8,7.87,6.00,4.30,Face15,87.6700
rand_0660,rand_0660.stp,16.33,24.12,15.6,15.54,14.00,8.30,Face15,31.1400
rand_0661,rand_0661.stp,8.31,13.29,7.0,7.72,6.00,4.30,Face15,14.7200
rand_0662,rand_0662.stp,14.03,20.61,20.0,13.77,12.00,7.30,Face15,33.7700
rand_0663,rand_0663.stp,19.76,30.58,90.0,20.26,17.00,10.30,Face15,110.2600
rand_0664,rand_0664.stp,14.09,20.75,17.87,14.14,12.00,7.30,Face15,32.0100
rand_0665,rand_0665.stp,10.25,16.13,60.91,10.12,8.00,5.30,Face15,71.0300
rand_0666,rand_0666.stp,15.77,24.38,61.17,15.97,14.00,8.30,Face15,77.1400
rand_0667,rand_0667.stp,15.87,24.02,45.7,15.88,14.00,8.30,Face15,61.5800
rand_0668,rand_0668.stp,11.83,17.97,49.0,11.52,10.00,6.30,Face15,60.5200
rand_0669,rand_0669.stp,14.02,21.45,8.4,13.85,12.00,7.30,Face15,22.2500
rand_0670,rand_0670.stp,12.21,18.28,48.0,12.09,10.00,6.30,Face15,60.0900
rand_0671,rand_0671.stp,15.96,23.88,35.1,16.05,14.00,8.30,Face15,51.1500
rand_0672,rand_0672.stp,3.95,6.96,39.38,4.02,3.00,2.30,Face15,43.4000
rand_0673,rand_0673.stp,8.1,13.15,11.0,7.81,6.00,4.30,Face15,18.8100
rand_0674,rand_0674.stp,7.73,13.1,20.1,7.9,6.00,4.30,Face15,28.0000
rand_0675,rand_0675.stp,2.76,5.71,15.0,2.88,2.50,1.80,Face15,17.8800
rand_0676,rand_0676.stp,14.16,20.87,52.4,13.57,12.00,7.30,Face15,65.9700
rand_0677,rand_0677.stp,14.35,21.16,12.0,14.1,12.00,7.30,Face15,26.1000
rand_0678,rand_0678.stp,11.7,18.15,108.7,11.66,10.00,6.30,Face15,120.3600
rand_0679,rand_0679.stp,4.33,7.16,44.0,3.93,3.00,2.30,Face15,47.9300
rand_0680,rand_0680.stp,2.79,5.63,18.0,2.9,2.50,1.80,Face15,20.9000
rand_0681,rand_0681.stp,8.31,12.86,49.87,8.03,6.00,4.30,Face15,57.9000
rand_0682,rand_0682.stp,7.99,12.97,8.99,7.85,6.00,4.30,Face15,16.8400
rand_0683,rand_0683.stp,3.82,7.04,9.52,3.84,3.00,2.30,Face15,13.3600
rand_0684,rand_0684.stp,5.66,9.83,11.16,6.04,5.00,3.30,Face15,17.2000
rand_0685,rand_0685.stp,3.82,7.07,5.46,4.0,3.00,2.30,Face15,9.4600
rand_0686,rand_0686.stp,10.1,16.35,16.0,10.07,8.00,5.30,Face15,26.0700
rand_0687,rand_0687.stp,16.2,24.61,11.0,16.13,14.00,8.30,Face15,27.1300
rand_0688,rand_0688.stp,11.9,17.79,57.6,12.17,10.00,6.30,Face15,69.7700
rand_0689,rand_0689.stp,16.14,23.79,52.38,15.54,14.00,8.30,Face15,67.9200
rand_0690,rand_0690.stp,20.29,30.4,68.3,19.28,17.00,10.30,Face15,87.5800
rand_0691,rand_0691.stp,15.91,23.52,97.0,15.97,14.00,8.30,Face15,112.9700
rand_0692,rand_0692.stp,20.25,30.8,126.05,19.49,17.00,10.30,Face15,145.5400
rand_0693,rand_0693.stp,11.78,18.38,20.5,12.07,10.00,6.30,Face15,32.5700
rand_0694,rand_0694.stp,9.73,16.18,27.0,9.64,8.00,5.30,Face15,36.6400
rand_0695,rand_0695.stp,2.79,5.55,21.5,2.9,2.50,1.80,Face15,24.4000
rand_0696,rand_0696.stp,16.09,24.37,12.93,15.41,14.00,8.30,Face15,28.3400
rand_0697,rand_0697.stp,6.11,10.36,6.77,6.06,5.00,3.30,Face15,12.8300
rand_0698,rand_0698.stp,16.17,24.8,109.0,16.15,14.00,8.30,Face15,125.1500
rand_0699,rand_0699.stp,8.02,13.31,27.0,8.08,6.00,4.30,Face15,35.0800
rand_0700,rand_0700.stp,3.72,6.96,8.3,3.93,3.00,2.30,Face15,12.2300
rand_0701,rand_0701.stp,5.04,8.61,24.04,5.02,4.00,2.80,Face15,29.0600
rand_0702,rand_0702.stp,14.14,21.12,56.44,13.53,12.00,7.30,Face15,69.9700
rand_0703,rand_0703.stp,10.11,16.19,74.0,9.96,8.00,5.30,Face15,83.9600
rand_0704,rand_0704.stp,10.24,16.08,77.1,9.98,8.00,5.30,Face15,87.0800
rand_0705,rand_0705.stp,20.03,30.08,125.4,19.86,17.00,10.30,Face15,145.2600
rand_0706,rand_0706.stp,14.32,20.58,45.0,13.47,12.00,7.30,Face15,58.4700
rand_0707,rand_0707.stp,7.65,13.51,42.11,7.78,6.00,4.30,Face15,49.8900
rand_0708,rand_0708.stp,16.01,24.34,24.5,15.91,14.00,8.30,Face15,40.4100
rand_0709,rand_0709.stp,4.84,8.78,6.3,4.87,4.00,2.80,Face15,11.1700
rand_0710,rand_0710.stp,12.05,17.87,18.1,11.58,10.00,6.30,Face15,29.6800
rand_0711,rand_0711.stp,20.22,29.57,26.39,19.97,17.00,10.30,Face15,46.3600
rand_0712,rand_0712.stp,3.3,5.5,23.0,3.04,2.50,1.80,Face15,26.0400
rand_0713,rand_0713.stp,6.17,10.31,26.05,6.09,5.00,3.30,Face15,32.1400
rand_0714,rand_0714.stp,8.02,12.99,14.91,7.95,6.00,4.30,Face15,22.8600
rand_0715,rand_0715.stp,3.12,5.72,20.71,3.05,2.50,1.80,Face15,23.7600
rand_0716,rand_0716.stp,5.95,10.27,24.7,5.81,5.00,3.30,Face15,30.5100
rand_0717,rand_0717.stp,3.03,5.48,6.82,2.95,2.50,1.80,Face15,9.7700
rand_0718,rand_0718.stp,4.99,8.43,31.28,4.92,4.00,2.80,Face15,36.2000
rand_0719,rand_0719.stp,15.82,23.62,16.3,16.11,14.00,8.30,Face15,32.4100
rand_0720,rand_0720.stp,11.95,18.02,89.0,11.75,10.00,6.30,Face15,100.7500
rand_0721,rand_0721.stp,5.34,8.64,20.0,5.1,4.00,2.80,Face15,25.1000
rand_0722,rand_0722.stp,5.79,10.02,58.0,6.03,5.00,3.30,Face15,64.0300
rand_0723,rand_0723.stp,6.31,10.36,28.0,6.07,5.00,3.30,Face15,34.0700
rand_0724,rand_0724.stp,3.86,7.06,13.0,3.92,3.00,2.30,Face15,16.9200
rand_0725,rand_0725.stp,16.18,24.31,93.3,15.96,14.00,8.30,Face15,109.2600
rand_0726,rand_0726.stp,2.91,5.69,8.0,2.97,2.50,1.80,Face15,10.9700
rand_0727,rand_0727.stp,19.84,30.24,23.67,20.33,17.00,10.30,Face15,44.0000
rand_0728,rand_0728.stp,10.25,15.7,100.0,10.12,8.00,5.30,Face15,110.1200
rand_0729,rand_0729.stp,16.33,23.66,18.78,15.66,14.00,8.30,Face15,34.4400
rand_0730,rand_0730.stp,6.0,10.07,16.0,6.09,5.00,3.30,Face15,22.0900
rand_0731,rand_0731.stp,7.88,13.05,21.8,7.76,6.00,4.30,Face15,29.5600
rand_0732,rand_0732.stp,7.82,13.5,28.63,7.92,6.00,4.30,Face15,36.5500
rand_0733,rand_0733.stp,12.27,18.52,29.1,11.54,10.00,6.30,Face15,40.6400
rand_0734,rand_0734.stp,10.28,16.31,44.86,9.65,8.00,5.30,Face15,54.5100
rand_0735,rand_0735.stp,5.94,10.14,15.36,5.91,5.00,3.30,Face15,21.2700
rand_0736,rand_0736.stp,15.74,24.46,113.0,15.92,14.00,8.30,Face15,128.9200
rand_0737,rand_0737.stp,8.13,13.44,42.0,8.12,6.00,4.30,Face15,50.1200
rand_0738,rand_0738.stp,20.29,29.97,32.0,19.87,17.00,10.30,Face15,51.8700
rand_0739,rand_0739.stp,5.16,8.72,14.6,5.06,4.00,2.80,Face15,19.6600
rand_0740,rand_0740.stp,7.76,12.89,15.61,7.74,6.00,4.30,Face15,23.3500
rand_0741,rand_0741.stp,20.05,29.82,19.3,19.48,17.00,10.30,Face15,38.7800
rand_0742,rand_0742.stp,13.74,21.65,112.0,13.83,12.00,7.30,Face15,125.8300
rand_0743,rand_0743.stp,13.98,20.79,94.0,13.63,12.00,7.30,Face15,107.6300
rand_0744,rand_0744.stp,11.81,18.37,54.0,11.67,10.00,6.30,Face15,65.6700
rand_0745,rand_0745.stp,14.26,21.2,51.0,13.71,12.00,7.30,Face15,64.7100
rand_0746,rand_0746.stp,3.08,5.66,15.55,3.01,2.50,1.80,Face15,18.5600
rand_0747,rand_0747.stp,16.02,24.78,63.9,16.12,14.00,8.30,Face15,80.0200
rand_0748,rand_0748.stp,3.26,5.47,27.0,2.98,2.50,1.80,Face15,29.9800
rand_0749,rand_0749.stp,16.19,24.91,95.0,15.54,14.00,8.30,Face15,110.5400
rand_0750,rand_0750.stp,7.97,13.07,23.25,7.97,6.00,4.30,Face15,31.2200
rand_0751,rand_0751.stp,14.23,21.15,48.3,14.05,12.00,7.30,Face15,62.3500
rand_0752,rand_0752.stp,15.74,24.12,63.91,15.79,14.00,8.30,Face15,79.7000
rand_0753,rand_0753.stp,6.27,9.85,50.75,5.88,5.00,3.30,Face15,56.6300
rand_0754,rand_0754.stp,3.71,7.16,8.65,3.99,3.00,2.30,Face15,12.6400
rand_0755,rand_0755.stp,16.08,23.75,41.0,15.89,14.00,8.30,Face15,56.8900
rand_0756,rand_0756.stp,20.26,30.95,13.26,19.39,17.00,10.30,Face15,32.6500
rand_0757,rand_0757.stp,7.87,13.34,72.0,7.89,6.00,4.30,Face15,79.8900
rand_0758,rand_0758.stp,5.65,10.26,30.0,5.76,5.00,3.30,Face15,35.7600
rand_0759,rand_0759.stp,3.08,5.55,16.2,2.92,2.50,1.80,Face15,19.1200
rand_0760,rand_0760.stp,4.07,6.86,15.9,4.05,3.00,2.30,Face15,19.9500
rand_0761,rand_0761.stp,5.68,9.89,14.0,6.0,5.00,3.30,Face15,20.0000
rand_0762,rand_0762.stp,19.86,31.06,29.0,19.26,17.00,10.30,Face15,48.2600
rand_0763,rand_0763.stp,8.08,13.28,93.0,7.97,6.00,4.30,Face15,100.9700
rand_0764,rand_0764.stp,19.9,29.46,101.5,20.12,17.00,10.30,Face15,121.6200
rand_0765,rand_0765.stp,12.24,17.71,19.3,11.86,10.00,6.30,Face15,31.1600
rand_0766,rand_0766.stp,12.02,18.39,42.97,11.96,10.00,6.30,Face15,54.9300
rand_0767,rand_0767.stp,16.34,24.22,43.19,16.02,14.00,8.30,Face15,59.2100
rand_0768,rand_0768.stp,20.24,29.87,84.0,19.89,17.00,10.30,Face15,103.8900
rand_0769,rand_0769.stp,14.01,21.38,20.03,13.85,12.00,7.30,Face15,33.8800
rand_0770,rand_0770.stp,8.34,12.74,60.0,7.69,6.00,4.30,Face15,67.6900
rand_0771,rand_0771.stp,6.21,10.4,33.04,5.91,5.00,3.30,Face15,38.9500
rand_0772,rand_0772.stp,5.66,9.92,24.7,5.86,5.00,3.30,Face15,30.5600
rand_0773,rand_0773.stp,15.88,23.53,61.31,16.02,14.00,8.30,Face15,77.3300
rand_0774,rand_0774.stp,3.23,5.45,39.9,3.03,2.50,1.80,Face15,42.9300
rand_0775,rand_0775.stp,3.1,5.55,38.15,2.99,2.50,1.80,Face15,41.1400
rand_0776,rand_0776.stp,14.2,21.1,76.6,14.06,12.00,7.30,Face15,90.6600
rand_0777,rand_0777.stp,10.04,15.7,9.3,9.95,8.00,5.30,Face15,19.2500
rand_0778,rand_0778.stp,4.85,8.35,31.0,5.1,4.00,2.80,Face15,36.1000
rand_0779,rand_0779.stp,11.78,17.77,53.3,12.08,10.00,6.30,Face15,65.3800
rand_0780,rand_0780.stp,7.94,13.13,17.2,7.79,6.00,4.30,Face15,24.9900
rand_0781,rand_0781.stp,7.77,13.03,20.0,7.7,6.00,4.30,Face15,27.7000
rand_0782,rand_0782.stp,3.21,5.69,17.4,2.91,2.50,1.80,Face15,20.3100
rand_0783,rand_0783.stp,15.87,23.99,39.79,16.1,14.00,8.30,Face15,55.8900
rand_0784,rand_0784.stp,4.79,8.35,4.0,4.92,4.00,2.80,Face15,8.9200
rand_0785,rand_0785.stp,3.13,5.59,6.0,2.9,2.50,1.80,Face15,8.9000
rand_0786,rand_0786.stp,7.67,13.33,11.0,7.99,6.00,4.30,Face15,18.9900
rand_0787,rand_0787.stp,8.02,13.34,16.0,8.0,6.00,4.30,Face15,24.0000
rand_0788,rand_0788.stp,3.32,5.57,12.13,2.9,2.50,1.80,Face15,15.0300
rand_0789,rand_0789.stp,5.31,8.74,16.4,4.97,4.00,2.80,Face15,21.3700
rand_0790,rand_0790.stp,10.03,15.73,19.0,9.62,8.00,5.30,Face15,28.6200
rand_0791,rand_0791.stp,2.71,5.52,35.85,3.01,2.00,1.40,Face15,38.8600
rand_0792,rand_0792.stp,14.08,20.97,106.61,14.13,12.00,7.30,Face15,120.7400
rand_0793,rand_0793.stp,4.33,7.18,10.71,3.95,3.00,2.30,Face15,14.6600
rand_0794,rand_0794.stp,13.87,21.39,22.0,14.08,12.00,7.30,Face15,36.0800
rand_0795,rand_0795.stp,19.83,30.05,104.6,19.42,17.00,10.30,Face15,124.0200
rand_0796,rand_0796.stp,9.97,15.71,56.8,9.89,8.00,5.30,Face15,66.6900
rand_0797,rand_0797.stp,8.19,13.21,24.72,7.74,6.00,4.30,Face15,32.4600
rand_0798,rand_0798.stp,10.04,15.75,35.96,9.78,8.00,5.30,Face15,45.7400
rand_0799,rand_0799.stp,19.82,29.69,51.0,19.78,17.00,10.30,Face15,70.7800
rand_0800,rand_0800.stp,19.95,31.16,37.38,19.88,17.00,10.30,Face15,57.2600
rand_0801,rand_0801.stp,4.17,7.16,10.24,4.04,3.00,2.30,Face15,14.2800
rand_0802,rand_0802.stp,15.72,24.16,19.56,15.66,14.00,8.30,Face15,35.2200
rand_0803,rand_0803.stp,20.19,30.08,36.0,19.79,17.00,10.30,Face15,55.7900
rand_0804,rand_0804.stp,5.27,8.79,11.0,4.99,4.00,2.80,Face15,15.9900
rand_0805,rand_0805.stp,14.02,21.07,57.81,13.93,12.00,7.30,Face15,71.7400
rand_0806,rand_0806.stp,8.05,13.45,80.6,7.83,6.00,4.30,Face15,88.4300
rand_0807,rand_0807.stp,10.34,16.24,73.0,9.97,8.00,5.30,Face15,82.9700
rand_0808,rand_0808.stp,2.91,5.57,7.4,2.89,2.50,1.80,Face15,10.2900
rand_0809,rand_0809.stp,8.26,12.92,42.5,8.02,6.00,4.30,Face15,50.5200
rand_0810,rand_0810.stp,11.92,18.23,56.0,12.0,10.00,6.30,Face15,68.0000
rand_0811,rand_0811.stp,10.24,15.83,7.0,10.2,8.00,5.30,Face15,17.2000
rand_0812,rand_0812.stp,2.75,5.68,7.0,3.0,2.00,1.40,Face15,10.0000
rand_0813,rand_0813.stp,12.25,18.61,28.63,12.02,10.00,6.30,Face15,40.6500
rand_0814,rand_0814.stp,15.95,24.7,51.2,15.73,14.00,8.30,Face15,66.9300
rand_0815,rand_0815.stp,20.0,30.72,66.85,20.05,17.00,10.30,Face15,86.9000
rand_0816,rand_0816.stp,3.33,5.58,13.7,3.01,2.50,1.80,Face15,16.7100
rand_0817,rand_0817.stp,3.75,7.17,29.7,4.08,3.00,2.30,Face15,33.7800
rand_0818,rand_0818.stp,4.02,7.12,40.76,3.9,3.00,2.30,Face15,44.6600
rand_0819,rand_0819.stp,4.13,7.09,24.0,3.98,3.00,2.30,Face15,27.9800
rand_0820,rand_0820.stp,2.98,5.56,15.4,2.96,2.50,1.80,Face15,18.3600
rand_0821,rand_0821.stp,7.85,12.77,73.18,8.12,6.00,4.30,Face15,81.3000
rand_0822,rand_0822.stp,7.69,13.11,21.0,7.76,6.00,4.30,Face15,28.7600
rand_0823,rand_0823.stp,19.67,30.27,23.0,19.35,17.00,10.30,Face15,42.3500
rand_0824,rand_0824.stp,19.85,30.94,65.0,19.22,17.00,10.30,Face15,84.2200
rand_0825,rand_0825.stp,5.11,8.52,32.0,4.85,4.00,2.80,Face15,36.8500
rand_0826,rand_0826.stp,16.25,24.01,55.0,15.44,14.00,8.30,Face15,70.4400
rand_0827,rand_0827.stp,12.19,17.9,72.0,11.84,10.00,6.30,Face15,83.8400
rand_0828,rand_0828.stp,9.69,15.93,15.4,10.09,8.00,5.30,Face15,25.4900
rand_0829,rand_0829.stp,7.98,13.48,31.31,8.12,6.00,4.30,Face15,39.4300
rand_0830,rand_0830.stp,13.83,21.25,35.2,13.81,12.00,7.30,Face15,49.0100
rand_0831,rand_0831.stp,10.32,16.34,49.44,9.62,8.00,5.30,Face15,59.0600
rand_0832,rand_0832.stp,12.08,18.34,22.0,11.72,10.00,6.30,Face15,33.7200
rand_0833,rand_0833.stp,19.92,30.79,102.47,20.1,17.00,10.30,Face15,122.5700
rand_0834,rand_0834.stp,15.89,24.51,9.02,15.53,14.00,8.30,Face15,24.5500
rand_0835,rand_0835.stp,3.66,6.9,25.0,3.86,3.00,2.30,Face15,28.8600
rand_0836,rand_0836.stp,7.79,12.76,98.9,7.72,6.00,4.30,Face15,106.6200
rand_0837,rand_0837.stp,6.32,10.18,6.68,6.01,5.00,3.30,Face15,12.6900
rand_0838,rand_0838.stp,20.21,29.73,46.4,19.33,17.00,10.30,Face15,65.7300
rand_0839,rand_0839.stp,4.1,7.25,25.94,3.91,3.00,2.30,Face15,29.8500
rand_0840,rand_0840.stp,9.83,16.43,14.1,9.77,8.00,5.30,Face15,23.8700
rand_0841,rand_0841.stp,2.83,5.66,9.0,2.91,2.50,1.80,Face15,11.9100
rand_0842,rand_0842.stp,5.1,8.39,27.08,4.96,4.00,2.80,Face15,32.0400
rand_0843,rand_0843.stp,14.15,20.71,101.1,13.5,12.00,7.30,Face15,114.6000
rand_0844,rand_0844.stp,3.28,5.44,19.46,3.0,2.50,1.80,Face15,22.4600
rand_0845,rand_0845.stp,5.14,8.79,23.6,4.97,4.00,2.80,Face15,28.5700
rand_0846,rand_0846.stp,12.24,18.48,45.0,12.09,10.00,6.30,Face15,57.0900
rand_0847,rand_0847.stp,13.73,21.25,39.7,14.27,12.00,7.30,Face15,53.9700
rand_0848,rand_0848.stp,3.91,7.22,35.3,3.92,3.00,2.30,Face15,39.2200
rand_0849,rand_0849.stp,5.04,8.82,29.0,5.0,4.00,2.80,Face15,34.0000
rand_0850,rand_0850.stp,9.99,16.53,13.0,9.86,8.00,5.30,Face15,22.8600
rand_0851,rand_0851.stp,19.82,30.1,74.1,20.15,17.00,10.30,Face15,94.2500
rand_0852,rand_0852.stp,14.33,20.6,10.67,13.72,12.00,7.30,Face15,24.3900
rand_0853,rand_0853.stp,3.8,7.13,11.91,3.97,3.00,2.30,Face15,15.8800
rand_0854,rand_0854.stp,19.81,29.53,67.0,20.08,17.00,10.30,Face15,87.0800
rand_0855,rand_0855.stp,19.68,30.66,78.0,19.36,17.00,10.30,Face15,97.3600
rand_0856,rand_0856.stp,3.97,6.93,9.0,3.98,3.00,2.30,Face15,12.9800
rand_0857,rand_0857.stp,20.21,29.8,91.43,20.17,17.00,10.30,Face15,111.6000
rand_0858,rand_0858.stp,9.73,16.34,49.0,9.93,8.00,5.30,Face15,58.9300
rand_0859,rand_0859.stp,19.77,29.51,93.0,19.53,17.00,10.30,Face15,112.5300
rand_0860,rand_0860.stp,15.77,23.87,40.89,15.92,14.00,8.30,Face15,56.8100
rand_0861,rand_0861.stp,4.66,8.58,19.0,4.8,4.00,2.80,Face15,23.8000
rand_0862,rand_0862.stp,20.27,30.15,25.29,20.17,17.00,10.30,Face15,45.4600
rand_0863,rand_0863.stp,5.1,8.6,49.85,4.92,4.00,2.80,Face15,54.7700
rand_0864,rand_0864.stp,19.78,30.3,51.8,20.34,17.00,10.30,Face15,72.1400
rand_0865,rand_0865.stp,3.04,5.45,18.9,3.06,2.50,1.80,Face15,21.9600
rand_0866,rand_0866.stp,16.01,24.19,21.0,15.96,14.00,8.30,Face15,36.9600
rand_0867,rand_0867.stp,5.13,8.82,22.99,4.94,4.00,2.80,Face15,27.9300
rand_0868,rand_0868.stp,3.1,5.48,4.8,2.96,2.50,1.80,Face15,7.7600
rand_0869,rand_0869.stp,3.3,5.45,6.0,3.02,2.50,1.80,Face15,9.0200
rand_0870,rand_0870.stp,6.15,10.16,27.64,5.88,5.00,3.30,Face15,33.5200
rand_0871,rand_0871.stp,6.2,10.0,28.0,5.8,5.00,3.30,Face15,33.8000
rand_0872,rand_0872.stp,5.7,10.15,44.0,5.78,5.00,3.30,Face15,49.7800
rand_0873,rand_0873.stp,13.77,21.05,63.2,13.82,12.00,7.30,Face15,77.0200
rand_0874,rand_0874.stp,5.89,9.82,31.0,5.96,5.00,3.30,Face15,36.9600
rand_0875,rand_0875.stp,13.94,21.54,66.0,13.62,12.00,7.30,Face15,79.6200
rand_0876,rand_0876.stp,20.28,30.44,86.4,19.86,17.00,10.30,Face15,106.2600
rand_0877,rand_0877.stp,14.25,20.85,82.0,13.84,12.00,7.30,Face15,95.8400
rand_0878,rand_0878.stp,5.82,10.06,76.0,5.84,5.00,3.30,Face15,81.8400
rand_0879,rand_0879.stp,2.94,5.4,5.09,3.06,2.50,1.80,Face15,8.1500
rand_0880,rand_0880.stp,15.93,24.69,19.4,16.03,14.00,8.30,Face15,35.4300
rand_0881,rand_0881.stp,16.18,24.52,28.7,15.75,14.00,8.30,Face15,44.4500
rand_0882,rand_0882.stp,3.66,7.14,26.45,3.88,3.00,2.30,Face15,30.3300
rand_0883,rand_0883.stp,3.33,5.54,29.0,2.9,2.50,1.80,Face15,31.9000
rand_0884,rand_0884.stp,10.09,16.36,89.3,9.6,8.00,5.30,Face15,98.9000
rand_0885,rand_0885.stp,10.02,15.96,60.98,10.05,8.00,5.30,Face15,71.0300
rand_0886,rand_0886.stp,6.2,9.85,37.0,6.08,5.00,3.30,Face15,43.0800
rand_0887,rand_0887.stp,10.27,15.79,39.5,9.82,8.00,5.30,Face15,49.3200
rand_0888,rand_0888.stp,16.14,24.33,21.2,16.1,14.00,8.30,Face15,37.3000
rand_0889,rand_0889.stp,4.1,7.17,14.45,4.02,3.00,2.30,Face15,18.4700
rand_0890,rand_0890.stp,5.87,10.34,7.0,5.94,5.00,3.30,Face15,12.9400
rand_0891,rand_0891.stp,9.97,16.16,56.33,10.1,8.00,5.30,Face15,66.4300
rand_0892,rand_0892.stp,16.28,24.17,106.69,15.71,14.00,8.30,Face15,122.4000
rand_0893,rand_0893.stp,3.78,7.23,12.0,3.86,3.00,2.30,Face15,15.8600
rand_0894,rand_0894.stp,3.73,6.98,21.0,4.01,3.00,2.30,Face15,25.0100
rand_0895,rand_0895.stp,2.86,5.71,8.5,2.98,2.50,1.80,Face15,11.4800
rand_0896,rand_0896.stp,2.85,5.41,13.26,3.04,2.50,1.80,Face15,16.3000
rand_0897,rand_0897.stp,12.06,18.35,70.25,12.09,10.00,6.30,Face15,82.3400
rand_0898,rand_0898.stp,15.96,23.96,104.0,15.49,14.00,8.30,Face15,119.4900
rand_0899,rand_0899.stp,5.99,10.38,8.4,6.04,5.00,3.30,Face15,14.4400
rand_0900,rand_0900.stp,5.08,8.41,22.0,4.96,4.00,2.80,Face15,26.9600
rand_0901,rand_0901.stp,4.76,8.39,15.6,5.1,4.00,2.80,Face15,20.7000
rand_0902,rand_0902.stp,4.79,8.69,30.0,5.0,4.00,2.80,Face15,35.0000
rand_0903,rand_0903.stp,16.33,24.29,33.2,15.48,14.00,8.30,Face15,48.6800
rand_0904,rand_0904.stp,14.3,20.78,45.95,14.25,12.00,7.30,Face15,60.2000
rand_0905,rand_0905.stp,7.98,12.97,77.67,8.13,6.00,4.30,Face15,85.8000
rand_0906,rand_0906.stp,20.16,31.06,64.9,19.61,17.00,10.30,Face15,84.5100
rand_0907,rand_0907.stp,5.12,8.39,25.0,4.81,4.00,2.80,Face15,29.8100
rand_0908,rand_0908.stp,3.88,7.12,10.5,3.89,3.00,2.30,Face15,14.3900
rand_0909,rand_0909.stp,4.03,7.05,8.81,4.0,3.00,2.30,Face15,12.8100
rand_0910,rand_0910.stp,13.87,21.34,56.1,14.23,12.00,7.30,Face15,70.3300
rand_0911,rand_0911.stp,11.91,18.04,69.5,11.72,10.00,6.30,Face15,81.2200
rand_0912,rand_0912.stp,3.8,7.23,12.1,4.02,3.00,2.30,Face15,16.1200
rand_0913,rand_0913.stp,12.16,18.09,29.0,12.12,10.00,6.30,Face15,41.1200
rand_0914,rand_0914.stp,14.34,21.24,100.04,13.72,12.00,7.30,Face15,113.7600
rand_0915,rand_0915.stp,3.65,7.13,15.6,3.91,3.00,2.30,Face15,19.5100
rand_0916,rand_0916.stp,4.79,8.75,36.9,4.89,4.00,2.80,Face15,41.7900
rand_0917,rand_0917.stp,8.0,13.32,29.0,7.79,6.00,4.30,Face15,36.7900
rand_0918,rand_0918.stp,13.74,21.42,42.61,13.68,12.00,7.30,Face15,56.2900
rand_0919,rand_0919.stp,2.73,5.48,7.04,3.06,2.00,1.40,Face15,10.1000
rand_0920,rand_0920.stp,14.05,21.67,92.95,13.97,12.00,7.30,Face15,106.9200
rand_0921,rand_0921.stp,10.01,16.23,11.0,10.11,8.00,5.30,Face15,21.1100
rand_0922,rand_0922.stp,14.26,20.75,52.1,13.58,12.00,7.30,Face15,65.6800
rand_0923,rand_0923.stp,9.68,15.96,27.0,9.98,8.00,5.30,Face15,36.9800
rand_0924,rand_0924.stp,5.19,8.64,28.3,4.85,4.00,2.80,Face15,33.1500
rand_0925,rand_0925.stp,7.84,13.28,59.5,7.85,6.00,4.30,Face15,67.3500
rand_0926,rand_0926.stp,2.75,5.48,6.0,3.02,2.00,1.40,Face15,9.0200
rand_0927,rand_0927.stp,5.0,8.75,40.18,5.04,4.00,2.80,Face15,45.2200
rand_0928,rand_0928.stp,16.24,24.55,64.3,16.03,14.00,8.30,Face15,80.3300
rand_0929,rand_0929.stp,3.73,6.92,12.96,3.84,3.00,2.30,Face15,16.8000
rand_0930,rand_0930.stp,14.27,21.33,32.36,14.08,12.00,7.30,Face15,46.4400
rand_0931,rand_0931.stp,3.81,7.22,8.0,3.87,3.00,2.30,Face15,11.8700
rand_0932,rand_0932.stp,3.95,7.18,10.7,3.87,3.00,2.30,Face15,14.5700
rand_0933,rand_0933.stp,2.79,5.4,7.3,3.0,2.50,1.80,Face15,10.3000
rand_0934,rand_0934.stp,7.68,12.98,27.0,7.68,6.00,4.30,Face15,34.6800
rand_0935,rand_0935.stp,6.06,9.92,16.0,6.0,5.00,3.30,Face15,22.0000
rand_0936,rand_0936.stp,8.31,13.01,43.46,7.76,6.00,4.30,Face15,51.2200
rand_0937,rand_0937.stp,16.05,23.66,30.0,15.92,14.00,8.30,Face15,45.9200
rand_0938,rand_0938.stp,7.77,13.33,83.0,7.68,6.00,4.30,Face15,90.6800
rand_0939,rand_0939.stp,13.91,21.32,110.0,13.81,12.00,7.30,Face15,123.8100
rand_0940,rand_0940.stp,11.95,18.2,21.6,11.81,10.00,6.30,Face15,33.4100
rand_0941,rand_0941.stp,4.01,7.07,4.89,3.93,3.00,2.30,Face15,8.8200
rand_0942,rand_0942.stp,10.0,16.05,109.79,9.87,8.00,5.30,Face15,119.6600
rand_0943,rand_0943.stp,13.81,21.09,94.0,14.27,12.00,7.30,Face15,108.2700
rand_0944,rand_0944.stp,14.31,21.04,19.98,13.45,12.00,7.30,Face15,33.4300
rand_0945,rand_0945.stp,14.02,21.43,60.97,13.54,12.00,7.30,Face15,74.5100
rand_0946,rand_0946.stp,4.17,7.23,13.0,3.88,3.00,2.30,Face15,16.8800
rand_0947,rand_0947.stp,20.24,30.13,43.3,19.48,17.00,10.30,Face15,62.7800
rand_0948,rand_0948.stp,20.07,30.76,67.1,20.16,17.00,10.30,Face15,87.2600
rand_0949,rand_0949.stp,20.32,31.18,17.4,19.81,17.00,10.30,Face15,37.2100
rand_0950,rand_0950.stp,7.99,12.92,5.62,8.13,6.00,4.30,Face15,13.7500
rand_0951,rand_0951.stp,4.0,6.87,9.7,3.88,3.00,2.30,Face15,13.5800
rand_0952,rand_0952.stp,20.09,30.77,105.1,19.99,17.00,10.30,Face15,125.0900
rand_0953,rand_0953.stp,5.86,10.1,31.91,5.94,5.00,3.30,Face15,37.8500
rand_0954,rand_0954.stp,3.34,5.68,13.8,2.9,2.50,1.80,Face15,16.7000
rand_0955,rand_0955.stp,2.67,5.57,6.78,3.03,2.00,1.40,Face15,9.8100
rand_0956,rand_0956.stp,11.74,18.41,24.69,11.87,10.00,6.30,Face15,36.5600
rand_0957,rand_0957.stp,16.13,24.34,14.91,15.82,14.00,8.30,Face15,30.7300
rand_0958,rand_0958.stp,8.0,13.5,20.4,7.98,6.00,4.30,Face15,28.3800
rand_0959,rand_0959.stp,3.06,5.43,4.95,2.95,2.50,1.80,Face15,7.9000
rand_0960,rand_0960.stp,9.92,16.09,50.0,10.2,8.00,5.30,Face15,60.2000
rand_0961,rand_0961.stp,5.81,9.99,11.0,5.79,5.00,3.30,Face15,16.7900
rand_0962,rand_0962.stp,4.66,8.5,35.81,4.94,4.00,2.80,Face15,40.7500
rand_0963,rand_0963.stp,11.84,18.39,76.9,11.94,10.00,6.30,Face15,88.8400
rand_0964,rand_0964.stp,10.05,16.46,54.9,9.66,8.00,5.30,Face15,64.5600
rand_0965,rand_0965.stp,9.77,15.97,41.7,10.18,8.00,5.30,Face15,51.8800
rand_0966,rand_0966.stp,4.24,7.09,8.13,3.91,3.00,2.30,Face15,12.0400
rand_0967,rand_0967.stp,6.09,10.37,22.06,6.02,5.00,3.30,Face15,28.0800
rand_0968,rand_0968.stp,4.05,7.08,20.0,3.94,3.00,2.30,Face15,23.9400
rand_0969,rand_0969.stp,8.0,12.97,22.9,8.0,6.00,4.30,Face15,30.9000
rand_0970,rand_0970.stp,20.01,30.61,94.38,19.86,17.00,10.30,Face15,114.2400
rand_0971,rand_0971.stp,5.05,8.44,18.6,5.09,4.00,2.80,Face15,23.6900
rand_0972,rand_0972.stp,16.22,24.75,84.58,16.23,14.00,8.30,Face15,100.8100
rand_0973,rand_0973.stp,15.79,24.19,111.0,15.59,14.00,8.30,Face15,126.5900
rand_0974,rand_0974.stp,11.87,18.54,19.8,11.57,10.00,6.30,Face15,31.3700
rand_0975,rand_0975.stp,8.1,12.94,13.0,7.97,6.00,4.30,Face15,20.9700
rand_0976,rand_0976.stp,2.82,5.66,15.0,2.96,2.50,1.80,Face15,17.9600
rand_0977,rand_0977.stp,2.79,5.48,26.7,2.89,2.50,1.80,Face15,29.5900
rand_0978,rand_0978.stp,5.1,8.35,53.0,5.02,4.00,2.80,Face15,58.0200
rand_0979,rand_0979.stp,3.87,6.99,40.2,3.86,3.00,2.30,Face15,44.0600
rand_0980,rand_0980.stp,3.93,7.21,18.2,4.04,3.00,2.30,Face15,22.2400
rand_0981,rand_0981.stp,4.02,7.21,30.2,4.07,3.00,2.30,Face15,34.2700
rand_0982,rand_0982.stp,3.82,6.91,21.55,4.03,3.00,2.30,Face15,25.5800
rand_0983,rand_0983.stp,6.3,9.93,16.0,5.8,5.00,3.30,Face15,21.8000
rand_0984,rand_0984.stp,8.25,12.78,31.0,7.94,6.00,4.30,Face15,38.9400
rand_0985,rand_0985.stp,11.98,17.91,51.0,11.72,10.00,6.30,Face15,62.7200
rand_0986,rand_0986.stp,10.22,15.7,65.92,10.18,8.00,5.30,Face15,76.1000
rand_0987,rand_0987.stp,3.13,5.65,20.5,2.92,2.50,1.80,Face15,23.4200
rand_0988,rand_0988.stp,10.28,16.34,23.7,9.92,8.00,5.30,Face15,33.6200
rand_0989,rand_0989.stp,12.3,18.63,43.0,11.74,10.00,6.30,Face15,54.7400
rand_0990,rand_0990.stp,5.29,8.65,48.2,5.06,4.00,2.80,Face15,53.2600
rand_0991,rand_0991.stp,8.26,13.38,60.8,8.13,6.00,4.30,Face15,68.9300
rand_0992,rand_0992.stp,10.15,16.52,36.18,10.09,8.00,5.30,Face15,46.2700
rand_0993,rand_0993.stp,3.9,7.11,34.2,4.04,3.00,2.30,Face15,38.2400
rand_0994,rand_0994.stp,3.1,5.45,16.0,2.96,2.50,1.80,Face15,18.9600
rand_0995,rand_0995.stp,7.87,12.8,54.16,7.76,6.00,4.30,Face15,61.9200
rand_0996,rand_0996.stp,20.13,30.83,25.86,19.58,17.00,10.30,Face15,45.4400
rand_0997,rand_0997.stp,5.13,8.75,12.1,5.04,4.00,2.80,Face15,17.1400
rand_0998,rand_0998.stp,12.26,18.66,56.0,12.16,10.00,6.30,Face15,68.1600
rand_0999,rand_0999.stp,20.09,31.03,79.52,20.37,17.00,10.30,Face15,99.8900
rand_1000,rand_1000.stp,2.93,5.53,5.6,2.93,2.50,1.80,Face15,8.5300
